"Date","Price","Open","High","Low","Vol.","Change %"
"05/09/2025","60,965.32","60,411.71","61,047.40","59,957.57","","0.96%"
"05/08/2025","60,387.30","61,476.60","62,254.44","59,933.88","","-1.73%"
"05/07/2025","61,451.70","62,503.37","62,617.42","61,184.95","","-1.68%"
"05/06/2025","62,498.76","60,942.35","62,542.09","60,748.60","","2.55%"
"05/05/2025","60,947.02","59,608.13","61,008.72","59,535.08","","2.26%"
"05/02/2025","59,600.36","60,154.26","60,469.47","59,315.80","","-0.92%"
"05/01/2025","60,156.53","61,202.45","61,277.58","59,530.37","","-1.68%"
"04/30/2025","61,185.13","61,491.94","61,782.48","60,669.58","","-0.51%"
"04/29/2025","61,496.01","61,935.10","62,116.21","61,151.16","","-0.70%"
"04/28/2025","61,932.23","62,198.18","62,253.12","61,127.51","","-0.16%"
"04/25/2025","62,033.63","62,976.17","63,447.88","61,264.63","","-1.48%"
"04/24/2025","62,963.57","61,410.73","63,055.65","61,222.32","","2.55%"
"04/23/2025","61,398.40","62,928.17","62,990.62","60,733.03","","-2.45%"
"04/22/2025","62,943.26","64,176.96","65,366.48","62,652.56","","-1.81%"
"04/21/2025","64,101.40","62,802.45","64,357.75","62,670.53","","2.41%"
"04/18/2025","62,591.36","62,601.01","62,940.43","62,477.37","","0.15%"
"04/17/2025","62,495.94","62,993.13","63,365.57","61,680.94","","-0.61%"
"04/16/2025","62,878.46","61,509.80","63,081.83","61,251.27","","2.46%"
"04/15/2025","61,366.60","60,659.96","61,725.92","60,403.90","","1.28%"
"04/14/2025","60,588.35","61,945.10","61,948.09","60,298.64","","-2.08%"
"04/11/2025","61,874.76","61,711.28","62,577.20","61,549.15","","0.60%"
"04/10/2025","61,505.19","59,488.74","62,048.26","59,309.95","","3.49%"
"04/09/2025","59,429.37","58,968.26","61,294.92","58,627.93","","0.91%"
"04/08/2025","58,895.94","58,652.85","59,105.53","58,130.16","","0.57%"
"04/07/2025","58,562.50","58,045.79","58,961.36","57,313.76","","1.01%"
"04/04/2025","57,975.61","58,335.73","59,694.16","57,497.16","","-0.54%"
"04/03/2025","58,291.26","59,181.59","60,114.75","57,550.29","","-1.38%"
"04/02/2025","59,105.03","57,560.66","59,546.05","57,347.44","","2.79%"
"04/01/2025","57,501.46","57,202.89","57,817.43","57,050.05","","0.58%"
"03/31/2025","57,170.05","56,857.42","57,505.04","56,622.24","","0.83%"
"03/28/2025","56,699.36","55,692.87","56,950.24","55,579.31","","1.81%"
"03/27/2025","55,689.12","55,130.34","56,022.59","54,994.55","","1.10%"
"03/26/2025","55,081.99","55,156.51","55,365.30","54,941.73","","0.01%"
"03/25/2025","55,077.68","54,890.22","55,271.39","54,707.79","","0.32%"
"03/24/2025","54,900.13","54,967.56","55,187.28","54,592.33","","-0.33%"
"03/21/2025","55,079.89","55,282.04","55,467.30","54,671.30","","-0.26%"
"03/20/2025","55,223.73","55,226.50","55,486.20","55,076.50","","0.16%"
"03/19/2025","55,135.22","55,055.36","55,547.36","54,809.32","","0.22%"
"03/18/2025","55,016.35","54,280.46","55,183.04","54,199.41","","1.46%"
"03/17/2025","54,223.26","54,265.05","54,575.27","54,075.95","","-0.04%"
"03/14/2025","54,244.88","54,760.60","54,875.25","54,170.24","","-0.87%"
"03/13/2025","54,722.89","53,859.98","54,897.52","53,690.14","","1.90%"
"03/12/2025","53,704.57","53,098.55","53,926.44","53,008.39","","1.32%"
"03/11/2025","53,004.21","52,931.13","53,306.88","52,789.47","","0.15%"
"03/10/2025","52,925.69","53,101.21","53,462.57","52,750.53","","-0.11%"
"03/07/2025","52,982.24","52,811.33","53,462.95","52,523.27","","0.42%"
"03/06/2025","52,759.62","53,464.69","53,613.23","52,705.75","","-1.24%"
"03/05/2025","53,419.92","53,906.27","54,070.86","53,312.13","","-0.82%"
"03/04/2025","53,862.21","53,832.84","54,383.40","53,629.29","","0.28%"
"03/03/2025","53,714.41","53,427.18","53,992.71","53,282.36","","0.63%"
"02/28/2025","53,376.41","53,126.48","53,520.27","52,340.82","","0.58%"
"02/27/2025","53,068.59","53,676.62","53,834.66","52,973.48","","-1.03%"
"02/26/2025","53,623.30","53,652.57","53,990.34","53,240.95","","0.09%"
"02/25/2025","53,573.77","54,204.45","54,366.89","53,156.70","","-1.15%"
"02/24/2025","54,198.09","53,949.11","54,351.99","53,574.45","","0.72%"
"02/21/2025","53,808.33","53,912.75","54,133.88","53,484.98","","-0.22%"
"02/20/2025","53,925.95","54,357.48","54,740.14","53,782.05","","-0.67%"
"02/19/2025","54,288.12","54,023.48","54,634.64","53,799.23","","0.52%"
"02/18/2025","54,005.64","53,349.02","54,091.00","53,218.98","","1.20%"
"02/17/2025","53,364.95","52,937.23","53,616.88","52,830.19","","0.94%"
"02/14/2025","52,867.46","54,131.72","54,350.73","52,812.99","","-2.29%"
"02/13/2025","54,106.78","53,814.93","54,399.43","53,674.64","","0.58%"
"02/12/2025","53,794.61","53,581.25","53,862.80","53,000.44","","0.50%"
"02/11/2025","53,525.35","53,636.80","54,312.76","53,305.13","","-0.13%"
"02/10/2025","53,593.70","52,858.48","53,700.73","52,673.79","","1.72%"
"02/07/2025","52,685.09","52,666.61","53,185.14","52,538.14","","0.11%"
"02/06/2025","52,629.14","53,190.09","53,390.20","52,511.11","","-0.97%"
"02/05/2025","53,144.69","53,078.36","53,502.55","52,995.38","","0.13%"
"02/04/2025","53,075.27","52,714.60","53,271.80","52,586.58","","0.78%"
"02/03/2025","52,662.11","52,386.13","53,427.80","52,314.28","","0.80%"
"01/31/2025","52,242.29","51,946.66","52,566.96","51,779.79","","0.67%"
"01/30/2025","51,893.30","51,145.20","52,007.59","51,105.88","","1.58%"
"01/29/2025","51,084.12","51,662.77","51,763.31","50,941.93","","-0.95%"
"01/28/2025","51,574.68","51,337.03","51,750.66","51,167.04","","0.61%"
"01/27/2025","51,263.06","50,989.61","51,743.91","50,913.06","","0.62%"
"01/24/2025","50,945.55","51,010.98","51,239.36","50,723.90","","-0.03%"
"01/23/2025","50,961.07","50,967.74","51,191.54","50,693.07","","-0.03%"
"01/22/2025","50,974.53","50,808.82","51,147.16","50,698.25","","0.43%"
"01/21/2025","50,758.22","50,199.55","50,953.05","50,079.64","","1.19%"
"01/20/2025","50,162.53","50,665.29","50,918.11","50,096.75","","-0.91%"
"01/17/2025","50,624.89","51,104.05","51,181.52","50,535.59","","-0.81%"
"01/16/2025","51,040.74","50,650.80","51,386.29","50,481.52","","0.89%"
"01/15/2025","50,589.07","50,651.32","50,808.50","50,259.67","","-0.04%"
"01/14/2025","50,607.16","50,713.14","50,823.66","50,361.76","","-0.16%"
"01/13/2025","50,686.37","51,400.93","51,674.33","50,605.59","","-1.31%"
"01/10/2025","51,360.20","50,562.61","51,599.52","50,449.05","","1.71%"
"01/09/2025","50,497.30","50,309.05","50,658.83","50,194.11","","0.44%"
"01/08/2025","50,274.82","49,529.25","50,518.94","49,459.56","","1.64%"
"01/07/2025","49,464.19","48,994.45","49,695.92","48,879.45","","1.03%"
"01/06/2025","48,960.68","49,516.66","49,639.45","48,438.59","","-0.99%"
"01/03/2025","49,449.72","49,783.52","50,045.20","49,345.56","","-0.53%"
"01/02/2025","49,714.60","49,277.18","49,857.91","49,223.93","","1.00%"
"01/01/2025","49,221.93","49,527.44","49,556.82","49,263.00","","-0.48%"
"12/31/2024","49,460.43","48,992.34","49,708.66","48,865.82","374.27K","1.06%"
"12/30/2024","48,939.63","49,009.57","49,226.66","48,746.94","355.78K","0.00%"
"12/27/2024","48,938.46","49,599.15","49,731.89","48,762.23","346.84K","-1.18%"
"12/26/2024","49,524.85","48,843.27","49,850.07","48,755.86","352.64K","1.56%"
"12/25/2024","48,764.93","48,819.88","49,076.18","48,748.64","15.57K","0.04%"
"12/24/2024","48,747.42","48,490.55","48,932.06","48,372.54","322.08K","0.62%"
"12/23/2024","48,448.89","47,996.35","48,635.71","47,866.20","369.91K","1.03%"
"12/20/2024","47,953.91","47,744.43","48,417.68","47,626.39","389.53K","0.56%"
"12/19/2024","47,684.50","47,406.41","47,934.76","47,366.05","390.17K","0.68%"
"12/18/2024","47,364.55","47,885.11","48,001.98","47,366.32","370.02K","-0.98%"
"12/17/2024","47,833.03","47,385.11","48,017.45","47,258.59","351.47K","1.10%"
"12/16/2024","47,311.71","47,354.15","47,745.36","47,173.37","332.72K","0.03%"
"12/13/2024","47,298.45","47,733.33","47,931.41","47,276.40","368.07K","-0.80%"
"12/12/2024","47,678.17","48,099.91","48,192.92","47,547.95","380.22K","-0.80%"
"12/11/2024","48,062.24","47,975.35","48,272.74","47,616.33","374.18K","0.27%"
"12/10/2024","47,930.85","47,303.63","48,152.05","47,189.79","373.26K","1.41%"
"12/09/2024","47,263.03","47,450.71","47,783.54","47,189.48","362.03K","-0.46%"
"12/06/2024","47,479.27","47,419.89","47,711.32","47,130.25","386.22K","0.26%"
"12/05/2024","47,355.05","48,124.84","48,219.96","47,323.42","376.70K","-1.50%"
"12/04/2024","48,075.32","47,888.50","48,210.02","47,804.88","389.86K","0.56%"
"12/03/2024","47,805.67","47,866.38","48,130.32","47,704.43","","0.02%"
"12/02/2024","47,795.69","47,928.00","48,300.64","47,538.51","","-0.21%"
"11/29/2024","47,897.30","47,792.61","48,238.96","47,654.20","","0.32%"
"11/28/2024","47,742.22","47,977.54","48,318.85","47,724.91","","-0.40%"
"11/27/2024","47,934.27","47,888.31","48,248.02","47,692.86","","0.20%"
"11/26/2024","47,840.61","47,384.64","47,941.50","47,029.16","","1.17%"
"11/25/2024","47,286.63","49,156.21","49,174.66","47,169.23","","-3.70%"
"11/22/2024","49,103.30","48,311.81","49,205.86","48,277.68","","1.76%"
"11/21/2024","48,256.35","48,018.04","48,541.88","47,858.77","","0.49%"
"11/20/2024","48,022.08","47,518.93","48,089.68","47,372.14","","1.12%"
"11/19/2024","47,489.48","46,897.18","47,853.20","46,829.23","","1.36%"
"11/18/2024","46,852.48","46,595.50","47,185.01","46,544.26","","0.57%"
"11/15/2024","46,588.41","46,856.89","47,055.00","46,478.93","","-0.43%"
"11/14/2024","46,789.76","46,907.71","47,075.18","46,339.84","","-0.21%"
"11/13/2024","46,887.67","47,071.30","47,420.21","46,765.06","","-0.26%"
"11/12/2024","47,011.33","46,944.61","47,328.64","46,750.97","","0.27%"
"11/11/2024","46,886.66","47,261.83","47,565.24","46,811.80","","-0.67%"
"11/08/2024","47,204.29","46,840.98","47,453.50","46,606.79","","0.87%"
"11/07/2024","46,795.40","46,933.03","47,138.38","46,361.70","","0.00%"
"11/06/2024","46,795.17","47,718.50","48,791.17","46,819.23","","-1.86%"
"11/05/2024","47,684.08","47,984.27","48,047.29","47,581.86","","-0.41%"
"11/04/2024","47,879.46","48,319.18","48,340.80","47,879.71","","-0.75%"
"11/01/2024","48,242.34","48,212.96","48,665.65","48,087.19","","0.13%"
"10/31/2024","48,178.64","49,225.96","49,365.56","48,222.94","","-2.07%"
"10/30/2024","49,198.06","49,014.60","49,397.33","48,789.94","","0.49%"
"10/29/2024","48,959.79","48,521.36","49,090.88","48,491.50","","1.01%"
"10/28/2024","48,471.86","48,528.61","48,656.68","48,111.66","","-0.03%"
"10/25/2024","48,486.90","48,337.60","48,603.43","47,934.64","","0.43%"
"10/24/2024","48,278.59","48,280.55","48,584.29","48,169.32","","0.18%"
"10/23/2024","48,192.19","48,259.20","48,746.36","48,004.99","","0.01%"
"10/22/2024","48,189.20","47,913.67","48,278.62","47,860.71","","0.69%"
"10/21/2024","47,856.73","47,883.67","48,259.59","47,767.79","","-0.05%"
"10/18/2024","47,879.68","47,644.67","47,969.77","47,455.74","","0.64%"
"10/17/2024","47,573.45","47,077.39","47,870.08","47,042.07","","1.13%"
"10/16/2024","47,041.27","46,990.80","47,356.73","46,857.25","","0.29%"
"10/15/2024","46,906.70","46,553.05","47,125.45","46,429.34","","0.90%"
"10/14/2024","46,487.71","46,275.98","46,734.25","46,053.89","","0.55%"
"10/11/2024","46,234.27","46,060.84","46,387.67","45,989.39","","0.50%"
"10/10/2024","46,005.76","46,034.66","46,216.36","45,794.70","","-0.01%"
"10/09/2024","46,010.35","46,051.11","46,320.44","45,889.46","","0.05%"
"10/08/2024","45,989.04","45,933.93","46,380.02","45,789.47","","0.24%"
"10/07/2024","45,877.85","46,413.36","46,415.96","45,857.91","","-1.06%"
"10/04/2024","46,369.35","46,516.14","46,666.64","46,192.96","","-0.20%"
"10/03/2024","46,460.37","46,151.84","46,595.15","45,701.80","","0.87%"
"10/02/2024","46,061.14","46,342.86","46,455.41","45,839.93","","-0.55%"
"10/01/2024","46,313.78","45,527.50","46,693.83","45,398.82","","1.87%"
"09/30/2024","45,462.20","45,463.73","45,620.85","45,249.29","","0.00%"
"09/27/2024","45,463.47","45,913.00","46,091.99","45,189.72","","-0.82%"
"09/26/2024","45,838.77","45,908.53","46,286.16","45,575.16","","-0.01%"
"09/25/2024","45,844.85","45,872.64","46,187.27","45,540.38","","0.01%"
"09/24/2024","45,839.51","45,624.45","46,099.33","45,316.71","","0.65%"
"09/23/2024","45,544.42","45,672.85","45,811.68","45,446.09","","-0.23%"
"09/20/2024","45,651.41","45,269.66","45,950.20","45,250.11","","0.88%"
"09/19/2024","45,251.12","44,916.85","45,429.66","44,811.58","","0.88%"
"09/18/2024","44,857.85","45,221.51","45,404.93","44,723.02","","-0.72%"
"09/17/2024","45,183.67","45,486.04","45,682.24","45,140.58","","-0.60%"
"09/16/2024","45,455.45","45,773.82","45,859.94","45,452.76","","-0.62%"
"09/13/2024","45,741.12","45,492.38","45,916.33","45,373.73","","0.62%"
"09/12/2024","45,457.81","44,957.84","45,729.84","44,922.09","","1.16%"
"09/11/2024","44,935.43","45,165.82","45,256.11","44,878.93","","-0.40%"
"09/10/2024","45,116.57","44,820.70","45,204.14","44,598.77","","0.86%"
"09/09/2024","44,732.96","44,600.34","44,847.27","44,414.86","","0.34%"
"09/06/2024","44,579.89","44,574.04","44,922.59","44,356.84","","0.06%"
"09/05/2024","44,555.18","44,579.18","44,847.58","44,383.12","","0.02%"
"09/04/2024","44,546.02","44,829.59","44,927.26","44,350.05","","-0.53%"
"09/03/2024","44,785.28","44,573.14","44,974.11","44,366.47","","0.53%"
"09/02/2024","44,550.34","44,624.65","44,896.60","44,469.38","","-0.13%"
"08/30/2024","44,608.29","44,772.39","44,779.98","44,327.95","","-0.29%"
"08/29/2024","44,736.42","44,599.89","44,928.35","44,395.85","","0.31%"
"08/28/2024","44,599.79","44,802.17","44,849.41","44,368.77","","-0.28%"
"08/27/2024","44,724.47","44,641.46","44,773.25","44,359.86","","0.26%"
"08/26/2024","44,609.03","44,515.12","45,026.18","44,459.70","","0.25%"
"08/23/2024","44,496.26","44,718.39","44,995.69","44,354.19","","-0.47%"
"08/22/2024","44,704.33","44,837.41","45,091.14","44,529.88","","-0.14%"
"08/21/2024","44,768.39","44,793.53","44,979.64","44,594.63","","0.13%"
"08/20/2024","44,711.19","44,310.04","45,218.50","44,268.05","","0.88%"
"08/19/2024","44,322.84","44,812.59","44,849.33","44,229.40","","-0.99%"
"08/16/2024","44,766.93","44,243.17","44,849.73","43,979.51","","1.27%"
"08/15/2024","44,206.12","44,239.69","44,484.73","43,916.02","","0.00%"
"08/14/2024","44,208.12","44,625.25","44,840.69","44,090.76","","-0.89%"
"08/13/2024","44,604.81","45,150.32","45,239.48","44,590.16","","-1.01%"
"08/12/2024","45,059.90","44,543.66","45,198.70","44,331.25","","1.23%"
"08/09/2024","44,510.49","44,571.69","44,652.78","44,232.86","","-0.10%"
"08/08/2024","44,556.99","43,859.30","44,613.13","43,659.06","","1.69%"
"08/07/2024","43,814.49","44,246.03","44,246.03","43,752.30","","-0.89%"
"08/06/2024","44,208.54","44,609.98","44,872.02","44,013.91","","-0.99%"
"08/05/2024","44,650.44","44,667.36","45,322.84","43,983.16","","-0.06%"
"08/02/2024","44,678.05","44,694.61","45,223.82","43,932.68","","0.03%"
"08/01/2024","44,663.20","44,548.54","44,738.23","44,272.04","","0.32%"
"07/31/2024","44,521.44","44,196.05","44,683.57","43,938.77","","0.86%"
"07/30/2024","44,139.68","43,987.75","44,256.81","43,711.02","","0.39%"
"07/29/2024","43,968.12","43,715.43","44,283.73","43,613.57","","0.70%"
"07/26/2024","43,663.35","43,386.84","43,745.55","43,195.53","","0.67%"
"07/25/2024","43,370.86","43,924.59","44,107.78","43,188.00","","-1.22%"
"07/24/2024","43,907.84","44,313.88","44,557.98","43,917.04","","-0.80%"
"07/23/2024","44,263.67","43,776.07","44,457.36","43,659.23","","1.17%"
"07/22/2024","43,752.39","43,923.93","44,066.95","43,573.23","","-0.25%"
"07/19/2024","43,861.95","44,682.44","44,692.02","43,788.52","","-1.76%"
"07/18/2024","44,648.74","44,824.57","45,008.36","44,548.61","","-0.20%"
"07/17/2024","44,740.34","44,654.96","45,146.26","44,483.13","","0.24%"
"07/16/2024","44,631.74","44,085.78","44,654.33","44,032.89","","1.31%"
"07/15/2024","44,052.79","43,295.48","44,450.55","43,261.45","","1.83%"
"07/12/2024","43,259.86","43,484.52","43,525.41","42,988.08","","-0.44%"
"07/11/2024","43,451.59","42,979.69","43,681.87","42,894.39","","1.16%"
"07/10/2024","42,951.79","42,852.48","43,182.98","42,820.25","","0.28%"
"07/09/2024","42,830.13","42,774.60","43,020.82","42,621.12","","0.29%"
"07/08/2024","42,708.04","43,470.03","43,624.66","42,561.37","","-2.02%"
"07/05/2024","43,589.08","43,106.02","43,624.49","42,893.52","","1.40%"
"07/04/2024","42,986.00","43,421.75","43,525.13","42,974.18","","-0.94%"
"07/03/2024","43,396.06","43,297.25","43,581.25","43,198.48","","0.22%"
"07/02/2024","43,302.39","42,853.65","43,441.60","42,699.39","","1.13%"
"07/01/2024","42,817.63","42,174.90","42,921.59","41,712.14","","1.20%"
"06/28/2024","42,309.54","43,005.24","43,050.80","42,238.41","","-1.55%"
"06/27/2024","42,977.54","41,885.68","43,060.38","41,673.79","","2.96%"
"06/26/2024","41,743.01","42,298.74","42,519.07","41,676.52","","-1.25%"
"06/25/2024","42,270.04","42,255.02","42,519.04","41,983.52","","0.02%"
"06/24/2024","42,260.82","41,768.98","42,525.18","41,723.00","","1.33%"
"06/21/2024","41,706.94","42,433.09","42,588.84","41,636.33","","-1.67%"
"06/20/2024","42,413.32","41,810.30","42,694.64","41,750.91","","1.51%"
"06/19/2024","41,781.69","42,024.66","42,082.21","41,727.36","","-0.52%"
"06/18/2024","41,999.61","42,323.11","42,518.95","41,784.48","","-0.69%"
"06/17/2024","42,292.64","42,870.57","42,929.77","42,214.95","","-1.13%"
"06/14/2024","42,775.85","42,459.38","43,186.43","42,389.54","","0.82%"
"06/13/2024","42,428.58","42,720.31","42,752.39","42,365.86","","-0.59%"
"06/12/2024","42,680.23","43,115.38","43,302.17","42,570.41","","-0.95%"
"06/11/2024","43,088.31","43,259.80","43,365.80","42,806.80","","-0.37%"
"06/10/2024","43,249.83","43,282.35","43,488.18","42,927.70","","0.02%"
"06/07/2024","43,242.60","45,070.66","45,188.14","43,106.36","","-4.01%"
"06/06/2024","45,048.16","44,574.27","45,156.10","44,507.59","","1.13%"
"06/05/2024","44,546.12","43,533.74","44,702.16","43,487.66","","2.44%"
"06/04/2024","43,484.67","43,508.76","43,798.54","43,195.23","","0.08%"
"06/03/2024","43,451.66","43,788.61","43,967.34","43,249.41","","-0.71%"
"05/31/2024","43,764.10","43,983.67","44,335.55","43,621.48","","-0.45%"
"05/30/2024","43,962.33","43,038.17","43,994.08","42,948.09","","2.19%"
"05/29/2024","43,019.35","43,167.70","43,293.49","42,716.23","","-0.28%"
"05/28/2024","43,142.07","43,185.43","43,309.77","42,934.38","","-0.01%"
"05/27/2024","43,148.07","43,021.32","43,422.75","42,927.70","","0.27%"
"05/24/2024","43,032.09","43,007.25","43,299.48","42,853.36","","0.04%"
"05/23/2024","43,014.61","43,446.18","43,613.41","43,003.88","","-0.93%"
"05/22/2024","43,419.11","43,767.89","44,028.07","43,402.05","","-0.73%"
"05/21/2024","43,739.85","44,173.58","44,236.68","43,679.02","","-0.93%"
"05/20/2024","44,151.74","43,850.83","44,526.32","43,850.83","","0.74%"
"05/17/2024","43,825.91","43,258.23","43,988.79","43,167.47","","1.37%"
"05/16/2024","43,233.58","43,595.25","43,775.52","43,186.76","","-0.75%"
"05/15/2024","43,560.57","43,336.83","43,689.42","43,188.96","","0.71%"
"05/14/2024","43,255.01","42,850.30","43,424.89","42,835.64","","0.84%"
"05/13/2024","42,894.02","43,557.59","43,632.55","42,780.40","","-1.47%"
"05/10/2024","43,532.82","43,332.23","43,814.84","43,306.97","","0.46%"
"05/09/2024","43,335.61","42,995.09","43,370.12","42,736.48","","1.12%"
"05/08/2024","42,856.31","42,848.62","43,282.05","42,740.41","","0.06%"
"05/07/2024","42,831.35","42,835.27","43,067.13","42,638.35","","-0.16%"
"05/06/2024","42,899.85","42,572.16","43,038.64","42,462.29","","0.73%"
"05/03/2024","42,589.18","42,813.39","42,857.61","42,071.57","","-0.28%"
"05/02/2024","42,707.49","43,124.52","43,234.35","42,630.63","","-0.92%"
"05/01/2024","43,103.77","42,894.42","43,271.94","42,698.71","","0.44%"
"04/30/2024","42,914.12","43,548.85","43,638.28","42,909.80","","-1.28%"
"04/29/2024","43,469.93","44,063.02","44,063.02","43,472.50","","-1.07%"
"04/26/2024","43,938.72","44,411.46","44,806.57","43,807.23","","-1.00%"
"04/25/2024","44,382.75","44,517.95","44,647.13","44,061.45","","-0.25%"
"04/24/2024","44,491.90","44,400.80","44,941.14","44,213.68","","0.29%"
"04/23/2024","44,363.60","44,670.45","44,798.20","44,074.27","","-0.64%"
"04/22/2024","44,650.98","45,708.06","45,758.85","44,598.38","","-2.26%"
"04/19/2024","45,684.16","45,563.50","46,742.27","45,478.48","","0.32%"
"04/18/2024","45,539.23","44,903.86","45,812.12","44,864.21","","1.44%"
"04/17/2024","44,891.85","45,396.18","45,593.05","44,805.52","","-1.03%"
"04/16/2024","45,360.23","45,262.86","45,629.13","44,898.88","","0.30%"
"04/15/2024","45,224.70","44,212.14","45,331.66","44,210.85","","2.35%"
"04/12/2024","44,187.41","44,446.68","46,075.57","44,108.52","","-0.55%"
"04/11/2024","44,429.74","43,708.57","44,554.98","43,630.57","","1.43%"
"04/10/2024","43,801.87","43,442.13","44,125.80","43,258.52","","0.85%"
"04/09/2024","43,432.58","43,605.20","43,769.16","43,225.57","","-0.27%"
"04/08/2024","43,549.36","43,508.64","43,952.48","43,056.23","","0.15%"
"04/05/2024","43,484.73","42,859.43","43,592.15","42,462.25","","1.50%"
"04/04/2024","42,841.71","42,934.58","43,148.38","42,579.07","","-0.15%"
"04/03/2024","42,907.36","42,806.11","42,998.00","42,622.98","","0.26%"
"04/02/2024","42,794.04","42,654.80","42,827.58","42,348.93","","0.36%"
"04/01/2024","42,639.26","42,278.23","42,725.09","42,209.95","","1.24%"
"03/29/2024","42,115.33","42,297.90","42,334.61","42,070.23","","-0.43%"
"03/28/2024","42,297.05","41,496.61","42,353.76","41,428.64","","2.01%"
"03/27/2024","41,464.05","41,295.53","41,547.71","41,189.05","","0.47%"
"03/26/2024","41,270.47","41,018.04","41,656.27","40,924.30","","0.65%"
"03/25/2024","41,003.48","41,137.77","41,262.13","40,986.12","","-0.25%"
"03/22/2024","41,106.23","41,066.09","41,356.75","41,005.39","","0.20%"
"03/21/2024","41,023.62","40,892.20","41,590.63","40,822.55","","0.39%"
"03/20/2024","40,865.75","40,817.29","40,938.86","40,484.77","","0.25%"
"03/19/2024","40,764.12","40,926.24","41,036.57","40,628.74","","-0.37%"
"03/18/2024","40,915.51","40,429.43","41,033.39","40,254.73","","1.31%"
"03/15/2024","40,386.25","40,511.16","40,731.55","40,325.98","","-0.26%"
"03/14/2024","40,489.63","40,387.13","40,605.43","40,227.06","","0.37%"
"03/13/2024","40,342.38","40,301.27","40,528.55","40,239.23","","0.15%"
"03/12/2024","40,281.50","40,777.52","40,836.55","40,152.32","","-1.18%"
"03/11/2024","40,764.12","40,861.93","41,121.18","40,610.58","","0.04%"
"03/08/2024","40,749.49","40,362.92","41,073.02","40,274.85","","1.01%"
"03/07/2024","40,342.16","40,441.04","40,729.10","40,249.32","","-0.23%"
"03/06/2024","40,433.22","40,383.16","40,521.31","40,101.26","","0.22%"
"03/05/2024","40,345.53","40,243.08","40,605.04","40,155.46","","0.32%"
"03/04/2024","40,215.70","39,844.50","40,337.19","39,579.26","","1.00%"
"03/01/2024","39,818.79","39,273.29","39,876.46","39,155.28","","1.44%"
"02/29/2024","39,252.83","39,199.07","39,418.75","38,988.52","","0.19%"
"02/28/2024","39,176.58","38,782.70","39,288.80","38,740.45","","1.04%"
"02/27/2024","38,774.40","39,192.14","39,304.43","38,701.96","","-1.05%"
"02/26/2024","39,187.75","39,340.51","39,428.27","39,132.93","","-0.29%"
"02/23/2024","39,301.16","38,778.67","39,351.10","38,607.20","","1.41%"
"02/22/2024","38,754.86","38,351.18","38,857.55","38,252.79","","1.10%"
"02/21/2024","38,333.05","38,312.14","38,423.21","38,070.32","","0.21%"
"02/20/2024","38,253.08","38,278.63","38,632.57","38,181.87","","0.03%"
"02/19/2024","38,240.23","37,922.14","38,379.23","37,922.14","","0.64%"
"02/16/2024","37,996.87","37,981.75","38,102.19","37,789.57","","0.13%"
"02/15/2024","37,948.12","37,934.53","38,129.88","37,853.18","","0.11%"
"02/14/2024","37,908.09","38,098.49","38,222.23","37,830.33","","-0.47%"
"02/13/2024","38,087.21","38,238.99","38,389.79","37,982.43","","-0.22%"
"02/12/2024","38,171.56","38,505.41","38,614.16","38,120.59","","-0.97%"
"02/09/2024","38,543.80","38,571.27","38,735.62","38,449.86","","-0.03%"
"02/08/2024","38,555.02","38,450.85","38,623.57","38,300.55","","0.32%"
"02/07/2024","38,430.14","38,355.14","38,640.06","38,259.70","","0.24%"
"02/06/2024","38,337.69","38,619.96","38,712.61","38,281.95","","-0.67%"
"02/05/2024","38,596.95","38,524.46","38,641.14","38,302.47","","0.18%"
"02/02/2024","38,528.74","38,217.77","38,571.25","38,103.40","","0.85%"
"02/01/2024","38,202.61","38,124.91","38,391.96","37,979.33","","0.30%"
"01/31/2024","38,089.98","38,316.46","38,371.53","38,007.65","","-0.53%"
"01/30/2024","38,294.03","38,234.96","38,632.63","38,161.15","","0.26%"
"01/29/2024","38,195.95","37,873.73","38,262.44","37,861.65","","0.78%"
"01/26/2024","37,899.38","38,124.90","38,324.07","37,792.34","","-0.49%"
"01/25/2024","38,084.64","38,033.93","38,198.87","37,941.64","","0.17%"
"01/24/2024","38,020.57","38,619.35","38,673.50","37,963.63","","-1.52%"
"01/23/2024","38,608.74","38,818.37","38,897.52","38,450.89","","-0.49%"
"01/22/2024","38,798.76","38,596.61","38,920.09","38,509.07","","0.58%"
"01/19/2024","38,575.10","38,317.32","38,763.45","38,216.90","","0.75%"
"01/18/2024","38,286.22","38,238.34","38,391.80","37,992.20","","0.19%"
"01/17/2024","38,214.83","38,479.01","38,694.50","38,159.17","","-0.63%"
"01/16/2024","38,458.86","38,420.36","38,702.76","38,285.88","","0.14%"
"01/15/2024","38,405.40","38,144.25","38,476.64","38,130.80","","0.75%"
"01/12/2024","38,117.65","37,840.32","38,353.50","37,789.23","","0.78%"
"01/11/2024","37,824.04","37,831.10","38,026.08","37,632.32","","0.06%"
"01/10/2024","37,801.02","37,964.76","38,048.25","37,770.36","","-0.39%"
"01/09/2024","37,949.41","37,741.62","38,106.65","37,671.60","","0.64%"
"01/08/2024","37,708.92","38,201.04","38,248.71","37,636.11","","-1.29%"
"01/05/2024","38,200.04","38,208.70","38,686.86","38,076.57","","0.04%"
"01/04/2024","38,184.85","38,212.64","38,341.11","38,079.16","","0.00%"
"01/03/2024","38,183.86","38,227.50","38,625.48","38,008.64","","-0.08%"
"01/02/2024","38,215.45","37,855.50","38,445.94","37,738.14","","1.34%"
"12/29/2023","37,708.68","38,304.60","38,544.09","37,643.02","","-1.47%"
"12/28/2023","38,272.10","38,217.77","38,660.34","38,160.61","","0.23%"
"12/27/2023","38,183.90","38,534.00","38,618.02","38,068.66","","-0.80%"
"12/26/2023","38,490.75","37,889.25","38,674.39","37,882.92","","1.82%"
"12/25/2023","37,802.05","37,876.52","37,985.65","37,823.34","","-0.16%"
"12/22/2023","37,861.17","37,571.30","38,220.64","37,548.84","","0.88%"
"12/21/2023","37,532.09","37,255.26","37,640.04","37,058.05","","0.93%"
"12/20/2023","37,187.19","37,373.08","37,498.28","37,039.68","","-0.43%"
"12/19/2023","37,347.79","37,677.91","37,782.92","37,312.53","","-0.74%"
"12/18/2023","37,625.30","37,040.98","37,806.07","36,907.36","","1.63%"
"12/15/2023","37,022.08","37,303.05","37,458.48","36,896.47","","-0.80%"
"12/14/2023","37,320.56","37,877.77","38,095.43","37,151.35","","-1.44%"
"12/13/2023","37,863.94","37,541.50","37,928.68","37,495.19","","0.95%"
"12/12/2023","37,507.17","37,813.96","37,969.43","37,457.06","","-0.79%"
"12/11/2023","37,804.37","37,996.18","38,221.84","37,745.52","","-0.45%"
"12/08/2023","37,976.86","38,168.54","38,491.20","37,853.52","","-0.17%"
"12/07/2023","38,040.42","38,409.80","38,624.75","37,924.30","","-0.93%"
"12/06/2023","38,397.83","38,271.93","38,522.80","38,096.52","","0.41%"
"12/05/2023","38,242.36","38,166.50","38,425.55","38,032.05","","0.27%"
"12/04/2023","38,140.64","38,610.07","39,287.69","38,040.80","","-1.12%"
"12/01/2023","38,571.36","38,398.32","38,651.48","37,978.13","","0.48%"
"11/30/2023","38,386.36","38,340.21","38,645.37","38,165.48","","0.16%"
"11/29/2023","38,323.31","37,961.98","38,371.86","37,664.46","","1.00%"
"11/28/2023","37,942.91","37,609.20","38,027.64","37,488.09","","0.95%"
"11/27/2023","37,585.83","37,716.30","37,950.34","37,457.80","","-0.24%"
"11/24/2023","37,677.88","37,486.52","37,942.56","37,389.39","","0.60%"
"11/23/2023","37,454.22","37,589.64","37,672.93","37,293.60","","-0.26%"
"11/22/2023","37,552.68","37,263.95","37,677.22","37,093.00","","0.93%"
"11/21/2023","37,205.24","36,274.68","37,326.20","36,223.80","","2.62%"
"11/20/2023","36,254.92","36,392.36","36,456.45","36,132.31","","-0.32%"
"11/17/2023","36,370.56","36,408.68","36,671.14","36,301.05","","0.04%"
"11/16/2023","36,357.77","35,632.35","36,544.21","35,599.23","","2.11%"
"11/15/2023","35,606.49","35,779.66","35,990.31","35,611.65","","-0.48%"
"11/14/2023","35,778.47","36,443.14","36,547.30","35,738.45","","-1.75%"
"11/13/2023","36,415.94","36,329.28","36,480.73","36,137.64","","0.46%"
"11/10/2023","36,249.54","36,543.26","36,638.79","36,223.54","","-0.72%"
"11/09/2023","36,513.33","36,024.89","36,600.05","35,937.09","","1.41%"
"11/08/2023","36,007.18","36,095.38","36,430.08","35,993.20","","-0.12%"
"11/07/2023","36,049.53","36,177.63","36,272.46","35,940.32","","-0.24%"
"11/06/2023","36,137.79","36,410.96","36,454.46","36,053.35","","-0.61%"
"11/03/2023","36,361.00","36,593.86","36,775.46","36,239.91","","-0.56%"
"11/02/2023","36,567.11","36,708.77","36,807.07","36,401.98","","-0.20%"
"11/01/2023","36,639.86","36,993.64","37,199.00","36,618.11","","-0.90%"
"10/31/2023","36,973.29","37,639.77","37,809.02","36,927.07","","-1.76%"
"10/30/2023","37,634.26","37,866.61","37,868.72","37,370.77","","-0.46%"
"10/27/2023","37,808.70","37,633.84","37,882.75","37,112.49","","0.52%"
"10/26/2023","37,611.91","37,859.36","38,280.03","37,468.56","","-0.58%"
"10/25/2023","37,831.49","37,546.36","38,006.09","37,416.61","","0.84%"
"10/24/2023","37,518.01","37,315.57","37,654.24","37,248.77","","0.34%"
"10/23/2023","37,390.87","37,675.07","37,882.15","37,323.28","","-0.55%"
"10/20/2023","37,597.94","37,551.23","37,956.02","37,446.79","","0.16%"
"10/19/2023","37,537.74","36,955.12","37,588.73","36,945.38","","1.63%"
"10/18/2023","36,935.42","36,198.47","37,180.30","36,145.76","","2.10%"
"10/17/2023","36,175.78","36,055.02","36,456.19","35,907.13","","0.40%"
"10/16/2023","36,032.13","36,679.23","36,730.69","35,974.88","","-1.76%"
"10/13/2023","36,677.54","35,522.73","36,783.91","35,465.98","","3.22%"
"10/12/2023","35,534.03","35,291.05","35,634.16","35,256.89","","0.73%"
"10/11/2023","35,275.11","35,401.61","35,500.31","35,127.21","","-0.27%"
"10/10/2023","35,369.30","35,996.23","36,072.70","35,324.91","","-1.70%"
"10/09/2023","35,980.61","35,499.45","36,034.75","35,443.36","","1.77%"
"10/06/2023","35,355.34","35,543.10","35,664.57","35,210.11","","-0.44%"
"10/05/2023","35,512.18","35,220.32","35,729.91","35,188.39","","0.97%"
"10/04/2023","35,171.36","35,241.43","35,359.71","35,010.35","","-0.18%"
"10/03/2023","35,234.05","35,132.09","35,388.34","34,953.36","","0.36%"
"10/02/2023","35,107.01","34,907.29","35,257.35","34,758.27","","0.40%"
"09/29/2023","34,965.65","35,396.58","35,537.23","34,915.11","","-1.20%"
"09/28/2023","35,390.61","36,010.88","36,131.82","35,323.46","","-1.66%"
"09/27/2023","35,987.86","36,255.38","36,403.41","35,957.15","","-0.67%"
"09/26/2023","36,231.49","35,973.46","36,399.38","35,952.87","","0.86%"
"09/25/2023","35,922.03","36,127.10","36,265.05","35,907.05","","-0.51%"
"09/22/2023","36,107.76","36,389.87","36,500.21","36,018.59","","-0.65%"
"09/21/2023","36,342.38","36,388.75","36,548.98","36,149.46","","-0.07%"
"09/20/2023","36,367.51","36,577.19","36,657.61","36,271.82","","-0.51%"
"09/19/2023","36,554.92","36,765.25","36,828.17","36,511.71","","-0.51%"
"09/18/2023","36,740.91","36,591.34","36,806.61","36,454.55","","0.51%"
"09/15/2023","36,555.42","36,350.19","36,855.46","36,317.27","","0.62%"
"09/14/2023","36,331.03","35,854.45","36,389.45","35,788.06","","1.40%"
"09/13/2023","35,828.28","36,193.61","36,297.52","35,846.88","","-0.98%"
"09/12/2023","36,181.40","36,282.97","36,388.36","36,157.79","","-0.19%"
"09/11/2023","36,248.86","36,695.22","36,721.58","36,227.32","","-1.21%"
"09/08/2023","36,691.10","36,818.26","36,913.18","36,602.71","","-0.28%"
"09/07/2023","36,794.53","36,799.65","36,991.04","36,718.13","","0.04%"
"09/06/2023","36,779.93","37,087.16","37,199.52","36,762.21","","-0.54%"
"09/05/2023","36,979.79","36,966.03","37,321.06","36,916.53","","0.09%"
"09/04/2023","36,945.41","36,529.50","37,113.29","36,450.29","","1.15%"
"09/01/2023","36,526.78","36,627.75","36,684.64","36,297.43","","-0.21%"
"08/31/2023","36,602.26","36,227.66","36,822.59","36,227.66","","0.91%"
"08/30/2023","36,273.72","35,798.73","36,358.50","35,765.68","","1.38%"
"08/29/2023","35,778.35","35,738.78","35,874.84","35,444.05","","0.22%"
"08/28/2023","35,698.24","35,600.30","35,915.30","35,568.61","","0.14%"
"08/25/2023","35,646.75","36,065.46","36,168.30","35,542.38","","-1.06%"
"08/24/2023","36,029.23","35,367.39","36,145.63","35,234.36","","2.01%"
"08/23/2023","35,319.48","35,651.95","35,749.79","35,298.68","","-0.89%"
"08/22/2023","35,635.66","35,943.82","36,020.50","35,454.07","","-0.76%"
"08/21/2023","35,908.65","35,892.82","36,080.22","35,800.65","","0.12%"
"08/18/2023","35,866.23","36,020.05","36,255.44","35,772.60","","-0.31%"
"08/17/2023","35,976.45","36,275.43","36,451.05","35,974.25","","-0.72%"
"08/16/2023","36,236.33","36,405.86","36,556.78","36,141.20","","-0.37%"
"08/15/2023","36,371.27","36,396.27","36,769.23","36,249.68","","0.03%"
"08/14/2023","36,359.21","36,225.77","36,511.82","36,195.98","","0.47%"
"08/11/2023","36,188.50","36,043.59","36,322.66","35,947.24","","0.44%"
"08/10/2023","36,029.51","36,335.47","36,501.34","35,795.98","","-0.76%"
"08/09/2023","36,306.40","36,439.10","36,728.14","36,312.14","","-0.30%"
"08/08/2023","36,415.61","36,236.84","36,641.63","36,191.73","","0.58%"
"08/07/2023","36,206.68","35,807.94","36,266.97","35,749.57","","1.01%"
"08/04/2023","35,846.10","36,192.64","36,255.89","35,687.40","","-0.74%"
"08/03/2023","36,114.15","35,712.16","36,360.98","35,674.31","","1.14%"
"08/02/2023","35,706.88","35,666.23","36,020.63","35,549.07","","0.43%"
"08/01/2023","35,555.53","35,090.02","35,659.30","34,971.04","","1.41%"
"07/31/2023","35,060.07","34,581.41","35,187.24","34,359.45","","1.69%"
"07/28/2023","34,477.63","34,713.91","35,075.90","34,398.18","","-0.56%"
"07/27/2023","34,671.65","34,737.88","34,912.57","34,269.20","","-0.11%"
"07/26/2023","34,708.61","34,487.75","34,988.24","34,464.77","","0.70%"
"07/25/2023","34,467.45","34,688.66","34,803.36","34,327.67","","-0.52%"
"07/24/2023","34,648.69","35,274.93","35,442.20","34,639.69","","-1.46%"
"07/21/2023","35,161.19","35,295.09","35,482.81","35,005.73","","-0.26%"
"07/20/2023","35,251.60","35,321.71","35,569.49","35,133.20","","-0.12%"
"07/19/2023","35,292.58","35,317.54","35,539.96","35,242.89","","-0.06%"
"07/18/2023","35,312.96","35,306.41","35,437.08","35,063.80","","0.18%"
"07/17/2023","35,249.46","35,422.22","35,476.53","35,119.91","","-0.26%"
"07/14/2023","35,342.90","35,177.86","35,576.94","35,065.38","","0.65%"
"07/13/2023","35,116.09","35,483.38","35,620.54","35,071.60","","-0.98%"
"07/12/2023","35,463.11","35,726.18","35,848.34","35,457.29","","-0.66%"
"07/11/2023","35,698.23","36,203.91","36,299.32","35,695.16","","-1.28%"
"07/10/2023","36,161.78","36,228.71","36,425.73","36,093.18","","-0.43%"
"07/07/2023","36,318.74","36,552.09","36,858.44","36,260.70","","-0.58%"
"07/06/2023","36,528.95","35,949.75","36,624.04","35,918.23","","1.64%"
"07/05/2023","35,939.03","35,909.20","36,245.65","35,875.07","","0.15%"
"07/04/2023","35,885.22","36,026.02","36,161.25","35,879.29","","-0.32%"
"07/03/2023","36,001.42","36,159.02","36,218.47","35,742.50","","-0.38%"
"06/30/2023","36,138.78","35,803.10","36,310.21","35,671.39","","1.01%"
"06/29/2023","35,777.01","35,570.56","36,015.16","35,507.07","","0.65%"
"06/28/2023","35,546.11","35,362.84","35,808.64","35,356.36","","0.33%"
"06/27/2023","35,430.68","35,867.59","35,936.25","35,380.77","","-1.08%"
"06/26/2023","35,818.50","36,086.77","36,142.86","35,793.46","","-0.23%"
"06/23/2023","35,901.11","35,458.18","36,296.12","35,384.42","","1.41%"
"06/22/2023","35,401.83","35,393.30","35,662.55","35,270.80","","0.07%"
"06/21/2023","35,375.30","35,590.36","35,708.83","35,296.41","","-0.51%"
"06/20/2023","35,556.97","35,456.40","35,747.85","35,405.76","","0.33%"
"06/19/2023","35,438.56","35,616.63","35,722.20","35,376.26","","-0.42%"
"06/16/2023","35,586.30","35,677.41","35,822.38","35,542.96","","-0.21%"
"06/15/2023","35,659.54","35,633.43","35,952.30","35,318.10","","0.17%"
"06/14/2023","35,599.67","36,201.45","36,352.40","35,560.16","","-1.59%"
"06/13/2023","36,174.62","36,359.70","36,694.61","36,026.61","","-0.46%"
"06/12/2023","36,341.71","36,715.42","36,788.18","36,151.20","","-0.98%"
"06/09/2023","36,699.76","37,068.34","37,145.63","36,658.55","","-0.98%"
"06/08/2023","37,063.57","37,041.09","37,215.01","36,786.35","","0.14%"
"06/07/2023","37,011.48","37,728.17","37,853.18","37,017.66","","-1.78%"
"06/06/2023","37,681.36","37,831.55","37,940.58","37,539.02","","-0.31%"
"06/05/2023","37,799.10","38,009.18","38,118.48","37,503.04","","-0.45%"
"06/02/2023","37,968.66","38,823.07","38,889.73","37,977.43","","-2.16%"
"06/01/2023","38,807.29","38,662.14","38,999.74","38,659.77","","0.30%"
"05/31/2023","38,690.31","38,606.07","39,077.86","38,471.09","","0.30%"
"05/30/2023","38,574.54","38,234.28","38,707.77","38,152.91","","0.97%"
"05/29/2023","38,205.75","38,250.69","38,370.35","38,155.99","","-0.07%"
"05/26/2023","38,234.14","38,464.48","38,598.89","38,001.25","","-0.50%"
"05/25/2023","38,427.72","37,641.66","38,533.93","37,499.84","","2.09%"
"05/24/2023","37,641.06","37,936.98","38,200.57","37,662.99","","-0.74%"
"05/23/2023","37,921.01","37,968.50","37,999.62","37,621.83","","0.07%"
"05/22/2023","37,894.38","38,476.04","38,524.99","37,888.86","","-1.33%"
"05/19/2023","38,404.28","37,854.56","38,541.57","37,788.01","","1.50%"
"05/18/2023","37,838.54","38,175.86","38,523.35","37,778.71","","-0.75%"
"05/17/2023","38,126.10","37,946.33","38,407.65","37,904.80","","0.57%"
"05/16/2023","37,911.39","38,406.05","38,562.23","37,907.52","","-1.16%"
"05/15/2023","38,357.44","38,528.46","38,682.63","38,271.86","","-1.29%"
"05/12/2023","38,859.10","38,698.39","39,246.43","38,459.82","","0.47%"
"05/11/2023","38,678.58","38,324.55","39,390.36","38,156.61","","0.98%"
"05/10/2023","38,302.77","37,899.16","38,417.93","37,783.35","","0.90%"
"05/09/2023","37,962.67","37,097.23","37,982.69","36,990.07","","2.39%"