"Model_1","Model_2","Model_3","Model_4","Model_5","Model_6","Model_7","Model_8","Model_9","Model_10","date","actual","ensemble"
9.7141598349731,9.70781073753513,9.69771918744358,9.71453209766517,9.71949259112073,9.74670555635461,9.70934755681571,9.70763509007782,9.7092663500317,9.70500168678768,2017-08-16,9.57,9.71316706888052
9.61312450984387,9.60145203392154,9.5984533098254,9.62673122071641,9.62488797305511,9.63177417965053,9.59486941439411,9.58553933411192,9.60944282713377,9.59711422267656,2017-08-17,9.62,9.60833890253292
9.72653240583998,9.74335105396661,9.71276061890042,9.74334705975932,9.75418536222286,9.76610228436882,9.73259229322294,9.72685136234224,9.73026842112087,9.73198821985895,2017-08-18,9.97,9.7367979081603
9.87436781918664,9.90262450462406,9.84536419500742,9.87122449582519,9.8618589322735,9.84848198842005,9.87254997638084,9.86040339345608,9.8552936401184,9.87436684902914,2017-08-21,9.71,9.86665357943213
9.77701885613276,9.7706648956221,9.76046652233041,9.77355402348791,9.76233138664332,9.79758662815404,9.77350563412388,9.7715778722421,9.76428587322938,9.78440610334995,2017-08-22,9.77,9.77353977953159
9.82664022927309,9.82636606673301,9.82080512369834,9.87069017590931,9.85517190402627,9.8566866536284,9.79634556870649,9.83409935607603,9.81814448837333,9.83759514370607,2017-08-23,9.88,9.83425447101303
9.8372044797335,9.86081021864644,9.8236519834177,9.85652534508264,9.85551187254148,9.86663540422496,9.83158808528437,9.86069805493124,9.8271162113587,9.8514522116913,2017-08-24,9.71,9.84711938669123
9.7392090798526,9.73662222346485,9.72191259071127,9.7325590622413,9.72346621718577,9.74415678161695,9.72880582723046,9.71967725943048,9.72393956194467,9.73485457988549,2017-08-25,9.75,9.73052031835638
9.70541936262994,9.70998555075729,9.69396094794092,9.73274295982432,9.72055523131373,9.72143013580073,9.67837378067462,9.70685059001758,9.69164898894243,9.70731401535628,2017-08-28,9.53,9.70682815632578
9.55079368224219,9.55093699266486,9.53905999112882,9.56067107453816,9.5604173439293,9.58604199350133,9.5416998850941,9.55025425019258,9.54387482549036,9.5513530716951,2017-08-29,9.46,9.55351031104768
9.47050364199701,9.46833101123024,9.45661893241853,9.48791322319293,9.48129498420322,9.48547869026802,9.45036960477953,9.45098159852795,9.46136055251018,9.46265782943126,2017-08-30,9.38,9.46755100685589
9.48590343136361,9.49628024099951,9.47420442688991,9.5021757438708,9.50688339236242,9.52657493919451,9.48661620703032,9.48401888254263,9.48576165463232,9.49295051761862,2017-08-31,9.63,9.49413694365047
9.63913712823181,9.66309468057587,9.61837382269506,9.64897549035888,9.64186141698464,9.6356823491698,9.63276859581248,9.62744641797377,9.62534790489215,9.64560157311984,2017-09-01,9.67,9.63782893798143
9.75843851035439,9.77768314324192,9.74154337948439,9.76204642500228,9.7553334501664,9.7765963816473,9.76167051969002,9.76367334434219,9.74627960893739,9.77911434418422,2017-09-05,9.92,9.76223791070505
9.95104504347459,9.97167674408407,9.93684907140184,9.97349952598899,9.9538955368982,9.95358844924944,9.93361799140517,9.96071875423403,9.93147165309478,9.97331413384209,2017-09-06,10.04,9.95396769036732
10.040202041591,10.0636598129352,10.028939671921,10.0578924863469,10.0429948239158,10.0600895986747,10.0295881216565,10.0707009060339,10.0210656666046,10.0680337380944,2017-09-07,10.03,10.0483166867774
9.95550335185268,9.95969125943144,9.94311488577349,9.96946836679479,9.94630944817964,9.95743735303018,9.92657421338996,9.96436342981542,9.93011048389119,9.96400829336095,2017-09-08,9.73,9.95165810855197
9.78916531242883,9.78121734232757,9.78653222181675,9.81022556740863,9.80386478318349,9.83593810954455,9.76587439776414,9.80144461843314,9.7796619035871,9.79581187257294,2017-09-11,9.82,9.79497361290671
9.81694720754306,9.83053102668187,9.80705940431913,9.83935156991323,9.83821390592026,9.83779371701054,9.79670512648394,9.81841881232668,9.807387423611,9.81693505465394,2017-09-12,9.87,9.82093432484637
9.90080224801138,9.92483713397549,9.88194824080358,9.89036194854341,9.89628984667945,9.91221644211269,9.90864765866959,9.89737300423324,9.89018555005327,9.90422107831189,2017-09-13,10.07,9.9006883151394
10.0556515228483,10.0745722336393,10.033715186355,10.0510813131917,10.0380659313067,10.0371717316541,10.048543986616,10.0422292107922,10.0355182464955,10.0578424116785,2017-09-14,10.13,10.0474391774577
10.1461505906326,10.161511443805,10.1318891916477,10.1546718733866,10.1430800763402,10.1610308000749,10.1402041681097,10.1614959477945,10.1303519055351,10.1618903857237,2017-09-15,10.2,10.149227638305
10.1853331033933,10.1940439098091,10.1723220176428,10.2007073256756,10.1844402093132,10.1947358570999,10.1679152911051,10.1962094517283,10.1679298790694,10.1948454784473,2017-09-18,10.17,10.1858482523284
10.1523397293614,10.158620828039,10.1406266810739,10.1656085970125,10.1567322984501,10.1745646133828,10.1374327895335,10.1674064134087,10.1380256538315,10.1593060785563,2017-09-19,10.11,10.155066368265
10.1349585028065,10.1386307149115,10.1226177802047,10.1420558155325,10.1379155370028,10.1547295650146,10.1219882984141,10.137064883131,10.1236158549393,10.1353341542675,2017-09-20,10.24,10.1348911106225
10.2079825785234,10.2244312520646,10.1914938808122,10.2135462046526,10.2101097379201,10.2142471359672,10.1982804922241,10.2121137114971,10.1937698131569,10.2088265482644,2017-09-21,10.25,10.2074801355083
10.223387858522,10.2341720190797,10.2037400090527,10.2146959843294,10.2101919466986,10.2251852364969,10.2202104250185,10.221147913871,10.2072877218435,10.221510329569,2017-09-22,10.24,10.2181529444481
10.3066896222396,10.3124077404912,10.2926397379351,10.3097568568156,10.3040369836456,10.3210201867272,10.3004253943701,10.3056053197967,10.2965363080826,10.3090050249217,2017-09-25,10.55,10.3058123175025
10.4862328362722,10.511982353938,10.4681581238231,10.4976225433699,10.4881271056769,10.485021774469,10.4795490041702,10.5026347501471,10.4693880858783,10.4944662129977,2017-09-26,10.49,10.4883182790742
10.4797963510334,10.4874992636947,10.460449970477,10.465014556225,10.4566647601041,10.4834240289275,10.4816743567116,10.4848258740761,10.4614642012152,10.4815799810958,2017-09-27,10.52,10.474239334356
10.4745376735849,10.472728423268,10.4601821543617,10.4864886893159,10.469319951276,10.4764111371409,10.4508680250208,10.4773237302148,10.4573849342536,10.4706513638815,2017-09-28,10.43,10.4695896082318
10.418977626805,10.4209480486692,10.405427027592,10.4249260403871,10.4270902981944,10.4495171181741,10.4095360897381,10.4345089502663,10.4090700841154,10.4180526314093,2017-09-29,10.43,10.4218053915351
10.3307988977479,10.3288315446594,10.3089458635177,10.3266723951998,10.3224561706166,10.3252534299325,10.3134457963989,10.3187589561289,10.3151215242425,10.3129430929343,2017-10-03,10.18,10.3203227671378
10.1570055634285,10.143724475676,10.1379300549452,10.1500753644423,10.155447708586,10.1778369024314,10.1462203159531,10.1445715637269,10.1496131020563,10.1382631877955,2017-10-04,10.08,10.1500688239041
10.1196895020984,10.1116938595569,10.102538486548,10.1255550205356,10.1326675725877,10.1411889956945,10.1082044002746,10.1011834228966,10.1192807398741,10.1022469469091,2017-10-05,10.25,10.1164248946976
10.1449508834061,10.1580287471112,10.1192795271433,10.1458020830502,10.1498626538907,10.1438750445838,10.1417245442539,10.1363787943739,10.1357780204563,10.1317360593848,2017-10-06,9.97,10.1407416357654
10.0004961684843,9.98715624802185,9.97741269867558,9.9830549387078,9.98491667155135,10.0127875342031,10.0026140488244,9.97438785693214,9.99455751205933,9.98313006330578,2017-10-09,10,9.99005137407656
10.080342063525,10.0776306833669,10.0672377399467,10.1048462480432,10.1025382786268,10.1058225398101,10.066631061085,10.0709194356896,10.0808430134775,10.0757764527887,2017-10-10,10.28,10.083258751636
10.2709443641988,10.3007856384211,10.2503419313621,10.2794926334124,10.283915549265,10.2864057798361,10.2807560652179,10.2852008997169,10.2647083889044,10.2801819027571,2017-10-11,10.36,10.2782733153092
10.3034504522532,10.3138479278412,10.2772287875766,10.2866071169014,10.2718916776407,10.2825328582471,10.3042571385781,10.2914595754777,10.282474751102,10.3002255876983,2017-10-12,10.23,10.2913975873316
10.2830257504276,10.2760643811848,10.2726060642166,10.2975276829092,10.2834449888313,10.3076981635793,10.2670540625676,10.2900078650273,10.2721743965367,10.2878778026903,2017-10-13,10.37,10.2837481157971
10.3723742215415,10.3858141727947,10.3619910107621,10.3976463072521,10.3927353307554,10.3990093264971,10.3579126463969,10.3938729014111,10.3632708585791,10.3812163762518,2017-10-16,10.46,10.3805843152242
10.4299341532023,10.4478400781354,10.4097997548823,10.4209362283578,10.4195685527572,10.4334122524589,10.4322973089922,10.4365807632696,10.4142033882395,10.4313655036066,2017-10-17,10.49,10.4275937983902
10.4557391709172,10.4608668933903,10.4360704986646,10.4483112066362,10.4361313169411,10.4475252170622,10.4464348662209,10.4502402221885,10.4370482052621,10.450636962297,2017-10-18,10.48,10.446900455958
10.4258153766156,10.4281561556127,10.4102692557992,10.4316062159758,10.4229771587504,10.4366692940993,10.4103020174267,10.4346805993899,10.4099032620822,10.4232184373756,2017-10-19,10.35,10.4233597773128
10.3609149883141,10.3567803937773,10.3456537936708,10.3614657598742,10.3617278128744,10.3824353673956,10.3502312833084,10.360905367783,10.3517878887576,10.3534103443745,2017-10-20,10.43,10.358531300013
10.3942031584987,10.4002156697202,10.3750979141634,10.3984486227285,10.3984696102505,10.4015482658171,10.3840996393506,10.3914394601063,10.3844949757472,10.3852145219602,2017-10-23,10.42,10.3913231838343
10.4255050851364,10.4328826180417,10.4041505398749,10.4142872062427,10.417943553651,10.4345577628115,10.4293480793687,10.4210014391083,10.4160461113378,10.4186389700844,2017-10-24,10.54,10.4214361365657
10.486889273027,10.4940508976467,10.4648380661894,10.484318366802,10.4753793504963,10.477701336584,10.4791223239473,10.4794834972576,10.4720348916525,10.4784984100663,2017-10-25,10.48,10.4792316413669
10.4928447119198,10.4948167108211,10.4752483880574,10.4907149244292,10.4884013864701,10.5106188392367,10.4914370479046,10.4975870987733,10.4831309301692,10.4905836121496,2017-10-26,10.57,10.4915383649931
10.6118496409978,10.6194258114813,10.5955980870864,10.6179028006572,10.613395997324,10.6234584055446,10.6075359069049,10.6145219838442,10.6040018299856,10.6113294123748,2017-10-27,10.84,10.6119019876201
10.794434014091,10.81909569093,10.7735094161573,10.7934933837352,10.7875124891872,10.7920055176138,10.7991449452381,10.8103607903595,10.7784969887768,10.799789059671,2017-10-30,10.87,10.794784229576
10.8502163111085,10.8589722402529,10.829074680117,10.8334660154296,10.8204683716918,10.8418188477076,10.8536230990917,10.8543126598386,10.8301299682932,10.8490433542871,2017-10-31,10.93,10.8421125547818
10.8897983811862,10.8920820866891,10.8744371078673,10.8956766148251,10.879051136244,10.8920548121463,10.8749530410645,10.9029163375876,10.8718468763007,10.8884820351371,2017-11-01,10.9,10.8861298429048
10.8967462373913,10.8995421368881,10.8808553849551,10.895553330985,10.8946311142439,10.9172195442252,10.8911863426518,10.914268359808,10.8838435868282,10.8951513070725,2017-11-02,10.99,10.8968997345049
10.9890354365493,10.9967486481406,10.9686607968704,10.9805090858031,10.9791102410012,10.9898144749303,10.9871601259706,10.9924587952888,10.9761580514604,10.982436673199,2017-11-03,11.18,10.9842092329214
11.2076011946473,11.2277400315522,11.1862209652794,11.1938144895836,11.1927722942599,11.2061549411219,11.2205335094164,11.2193563849696,11.1938948552118,11.2094326246076,2017-11-06,11.51,11.205752129065
11.4295378053536,11.4549774194044,11.4051075318395,11.4140968977992,11.395161693616,11.3998120633856,11.439962498894,11.4446275335887,11.4038578764463,11.4312856696832,2017-11-07,11.49,11.421842699001
11.4372319638968,11.4390711209887,11.4170824240196,11.4189185533513,11.398395535457,11.4281810720285,11.4389643935368,11.4539490416164,11.4115847138243,11.43354394974,2017-11-08,11.41,11.4276922768459
11.4019424106692,11.3901419908264,11.3867551219292,11.4040637358032,11.3913973079882,11.4153373897758,11.3847177308655,11.4179523800927,11.3873340049392,11.3935154598768,2017-11-09,11.46,11.3973157532766
11.4053655373373,11.4044138786439,11.3828196744824,11.3992862974981,11.405106155878,11.4177571229132,11.3972049767327,11.4226663747864,11.3910077300511,11.3948613073319,2017-11-10,11.42,11.4020489055655
11.3587315148036,11.3520071821354,11.3278780847401,11.3270423056005,11.3336823088053,11.3478169436796,11.3595281251572,11.3495008098578,11.342625912871,11.3353750572089,2017-11-13,11.38,11.343418824486
11.2679785889476,11.2531179893436,11.237419793081,11.2466928800278,11.245701410672,11.2530227186802,11.2566279225393,11.2541984751661,11.2525024669437,11.2388205662902,2017-11-14,11.13,11.2506082811692
11.1076449305318,11.081190431546,11.080105184741,11.0888727075358,11.1010621833157,11.1232445919698,11.0975607143176,11.0933142055363,11.1025696359996,11.0773558624564,2017-11-15,11.09,11.095292044795
11.0541654433834,11.0363960404908,11.0252741591426,11.0474546114571,11.0603004562247,11.0624547856933,11.0434672707014,11.036241389901,11.0542920656037,11.0240366659241,2017-11-16,11.07,11.0444082888522
11.1159945686491,11.1113027453364,11.0859507716516,11.096660713795,11.1163009476457,11.129523426175,11.130347390604,11.1013117407849,11.1187843627824,11.0948385873836,2017-11-17,11.35,11.1101015254808
11.2691197293183,11.2782979665776,11.2366935391895,11.2556880583861,11.2497110610807,11.2421876788587,11.2795769500663,11.2559068227004,11.2593239735745,11.2508995646744,2017-11-20,11.28,11.2577405344426
11.2970850967977,11.2928675361945,11.2717837464233,11.2768719724156,11.2716449022093,11.300959923333,11.312121052375,11.2959665451055,11.287573557645,11.2853672062649,2017-11-21,11.4,11.2892241538764
11.4229571588033,11.4216271635601,11.4044902931749,11.4312627610037,11.4170539087588,11.4279792503372,11.4199033206433,11.4305873147612,11.4170694307877,11.4165264658017,2017-11-22,11.6,11.4209457067632
11.6092952671393,11.6256708714046,11.5882009039237,11.6049105687003,11.6028584113536,11.6203069074535,11.6251564543528,11.6361885500449,11.5973955965316,11.6128852728145,2017-11-24,11.79,11.6122868803719
11.6762732282875,11.6850870576251,11.6487474379748,11.6555337176561,11.6349322033443,11.6448330148049,11.6831838210636,11.6835292507198,11.6508744653598,11.6656187996438,2017-11-27,11.59,11.662861299648
11.5743216659071,11.5572763611155,11.5532710499,11.5554700043349,11.5453332612269,11.580735191822,11.5681567297792,11.5819810638713,11.5565401389326,11.559000500097,2017-11-28,11.58,11.5632085966987
11.5153972856071,11.5001410902266,11.4929062202512,11.5158153824145,11.5146291630372,11.5242349543192,11.4940391416864,11.5237919382471,11.5037873136181,11.4967362603965,2017-11-29,11.47,11.5081478749804
11.4366360396783,11.4235335732457,11.4057077806933,11.4096554616367,11.4290869838274,11.4474257017283,11.4361264100549,11.4336805522894,11.4264033213131,11.4128839873973,2017-11-30,11.47,11.4261139811864
11.4753941835889,11.4649001391282,11.4437394323323,11.4503870274183,11.4593974200012,11.4662109559331,11.4779846140828,11.4551414284678,11.4708064963457,11.448971488236,2017-12-01,11.67,11.4612933185534
11.5628859354048,11.5666278607204,11.530240644986,11.5456744394193,11.5455269779347,11.5451238140481,11.5697219993941,11.5612292114868,11.5490010281102,11.5439785388867,2017-12-04,11.49,11.5520010450391
11.4878445363956,11.4700197484058,11.4585109963616,11.4581279294243,11.4575441619934,11.486355736604,11.4952531917891,11.4743119283215,11.4782275092318,11.4630436901264,2017-12-05,11.54,11.4729239428654
11.4167051979678,11.3984414704888,11.3899912087356,11.4208886840912,11.4111330529253,11.4116131309226,11.3967842417966,11.4125550387422,11.4074646136869,11.3904282918079,2017-12-06,11.2,11.4056004931165
11.2442597945786,11.2155186124152,11.2169898058429,11.2231729729986,11.2452377484737,11.2799680571456,11.2438730413219,11.2360305262647,11.2447866976017,11.2172381718708,2017-12-07,11.33,11.2367075428514
11.3222107371679,11.3133153669737,11.2927606498228,11.3185783887572,11.3269589161283,11.3187111943584,11.3161631368104,11.3034827122246,11.3245261351978,11.2962489854238,2017-12-08,11.49,11.3132956222865
11.4705043520853,11.4816167645812,11.4375111175276,11.4448896799065,11.457492131534,11.467710483222,11.4961910776012,11.4702066118638,11.4626668713459,11.4574737063998,2017-12-11,11.6,11.4646262796067
11.5080696971438,11.5053745232962,11.4764112032652,11.4841221764781,11.465397740444,11.472532869252,11.515748307296,11.4921445938575,11.491415182443,11.4856535798631,2017-12-12,11.44,11.4896869873339
11.4096956291567,11.3894644925643,11.3881732226439,11.4050743941036,11.3959900124793,11.4245303863081,11.4018417683641,11.4151928212898,11.3997879000437,11.3921083028191,2017-12-13,11.33,11.4021858929773
11.3451094625477,11.32505189246,11.323574490188,11.3474186638085,11.3528187510177,11.3705984444388,11.3324260543395,11.3467493605963,11.3441570540338,11.3257713050445,2017-12-14,11.43,11.3413675478475
11.3912194015321,11.389927874402,11.3615813303271,11.3786905081893,11.3914493372937,11.3958550400674,11.3944239040339,11.3903860526387,11.3850972327238,11.3728134682894,2017-12-15,11.46,11.3851444149497
11.4066794396191,11.4029616314721,11.3733059155483,11.375727915337,11.3786197677654,11.389403071458,11.4173147045661,11.3914196984399,11.394579620434,11.3827748667119,2017-12-18,11.44,11.3912786631352
11.4261235844113,11.4162464296587,11.3995885459782,11.4103927632099,11.4058226257207,11.4213770465604,11.4271484503437,11.4177287096966,11.4172913134539,11.4063050014128,2017-12-19,11.51,11.4148024470446
11.5041548527019,11.5016864768158,11.4801595116009,11.4993647006536,11.4986560275042,11.5122547010187,11.5070279539386,11.5109004614845,11.4972746619889,11.4923224335295,2017-12-20,11.61,11.5003801781237
11.57643926113,11.577664345725,11.5491979343723,11.5619094622113,11.5591420006738,11.5720150153013,11.5850982744399,11.5801003000447,11.5650337899653,11.5632665618286,2017-12-21,11.64,11.5689866945692
11.6094382432876,11.6051103042978,11.5830727128633,11.5927637665779,11.585572539315,11.6029454843983,11.6146243428104,11.6104190488746,11.5965579848891,11.5941163012139,2017-12-22,11.66,11.5994620728528
11.7068815481578,11.7041941083881,11.6847456400502,11.6961878874839,11.6937651963053,11.715469813243,11.7133526916324,11.7150507881469,11.6991780288882,11.6979557294786,2017-12-26,11.95,11.7026781431774
11.879266317074,11.8927906953843,11.8529793093299,11.8702007423937,11.8605259964684,11.8642140710435,11.888658539377,11.896409879727,11.8617291410447,11.8736108810137,2017-12-27,11.92,11.8740385572856
11.9009546797031,11.8988464342327,11.8738641714468,11.8697107678134,11.8611144030555,11.8908238866431,11.9157665989096,11.907538056474,11.8810444466847,11.8883073554948,2017-12-28,11.97,11.8887970800458
11.9440566691711,11.9360283861367,11.9217950341438,11.9373167592835,11.9219545654453,11.9380084731089,11.938074369163,11.9533300850965,11.930119658062,11.9308706054216,2017-12-29,12.01,11.9351554605033
11.9934192117386,11.9908838251178,11.9678559435263,11.9778770070944,11.9810881314344,12.0023334388411,11.9982800595636,12.0123743751803,11.9783874937069,11.9839086630228,2018-01-02,12.07,11.9886408149226
12.0976949583503,12.0960733427787,12.0696842013009,12.0725483869606,12.0719521728583,12.0894700810739,12.1096531717351,12.1003133616647,12.0860180330135,12.0846676538978,2018-01-03,12.34,12.0878075363634
12.2881981436295,12.2997627400722,12.2603455271941,12.2715111708962,12.2602408956244,12.2679455717088,12.303889459458,12.3048416151902,12.2693974053569,12.2817865059492,2018-01-04,12.37,12.2807919035079
12.3192272675875,12.3172959873505,12.2909610103012,12.2884632053619,12.2741324437422,12.3007680503865,12.3343061851268,12.3301195213386,12.2955119193757,12.3059141948108,2018-01-05,12.31,12.3056699785382
12.3089819266486,12.2932414308948,12.2854686242017,12.2947993535418,12.2817629315531,12.3080363434987,12.3052155752887,12.3186149532917,12.2952424692152,12.2931963230785,2018-01-08,12.38,12.2984559931213
12.4039270330468,12.3985458560469,12.3781469015607,12.3925981386999,12.3968992729683,12.4157135307543,12.4082506721883,12.4239203813359,12.3934271489826,12.3955616144154,2018-01-09,12.57,12.4006990549999
12.5470964862955,12.5522664576335,12.5150605260548,12.5188567640121,12.5174257457891,12.5282947238589,12.5669287520425,12.557453630105,12.5298203414676,12.5366807842413,2018-01-10,12.68,12.53698842115
12.6435885398546,12.64404033782,12.6137141861941,12.613166917274,12.5982501917228,12.6178157056333,12.6629589407552,12.6518366235936,12.6227250649748,12.6305311746668,2018-01-11,12.7,12.6298627682489
12.7264106005154,12.7199797386833,12.7025156612851,12.7081202030085,12.6936093128892,12.7218796810334,12.7375270229152,12.7424227778125,12.7113983610786,12.7168631996101,2018-01-12,12.87,12.7180726558831
12.8048640087081,12.8033264157873,12.7778681242737,12.7923590235707,12.7792805258406,12.7941511915297,12.8113602295807,12.8288855265479,12.7845414038717,12.7960574395883,2018-01-16,12.76,12.7972693889299
12.753578711864,12.7361587522929,12.7223077939618,12.7188223019987,12.7175411115675,12.748533476071,12.7618377646095,12.7598792545698,12.734848689555,12.7344596590991,2018-01-17,12.78,12.7387967515589
12.7457616446637,12.7271817621416,12.7150221109538,12.7283679518073,12.7239155122175,12.7369971129856,12.7399778220087,12.7508308739278,12.7342794397831,12.7259091706733,2018-01-18,12.76,12.7328243401162
12.7275187912121,12.7101690252296,12.6915992896095,12.6966434364378,12.7076594114004,12.7251128533824,12.7318492040489,12.7327794566581,12.7122043134245,12.7071738396871,2018-01-19,12.72,12.714270962109
12.7103703757563,12.6891850409592,12.6744410618441,12.6793014770334,12.6829415617073,12.6969298253038,12.7142675967184,12.7013906287031,12.7017637565175,12.684894978274,2018-01-22,12.78,12.6935486302817
12.8097178762968,12.7979919558198,12.7777596603996,12.7900704765199,12.793823302982,12.8078943485655,12.8211924741496,12.8132259685806,12.8043433285003,12.7938225238339,2018-01-23,12.97,12.8009841915648
13.0072336268707,13.0099011597216,12.97749181962,12.9877414991722,12.9823621231427,12.9958545514781,13.0344404690702,13.018072388298,12.9986324343743,12.9993718376644,2018-01-24,13.22,13.0011101909412
13.1380109678307,13.1442717973206,13.1095248708745,13.1190473691398,13.09257258266,13.106243286791,13.1641466615218,13.1553108772129,13.1160715132877,13.128422653372,2018-01-25,13.06,13.1273622580011
13.0847002020143,13.065421138305,13.0601652138113,13.0589572233469,13.0403107969903,13.0822719676434,13.0953769706458,13.0948010269676,13.0679309790627,13.0675402193291,2018-01-29,13.11,13.0717475738116
13.0363201488026,13.015733801818,13.0091044669326,13.0329572313637,13.0210841977482,13.0356620258559,13.0218242424422,13.0552777596264,13.0225948617888,13.0198948093535,2018-01-30,12.9,13.0270453545732
12.9279949034746,12.8974798136461,12.8901396162593,12.8881835441829,12.9115410238361,12.9402072468634,12.9277348684311,12.9288165502535,12.9146941158602,12.9045851049443,2018-01-31,12.98,12.9131376787751
13.0162963443586,12.9995547391795,12.9805539097605,12.993967129763,13.0019891887926,13.0042206215725,13.0199574200614,13.0106451666223,13.0159538679318,12.9976610006351,2018-02-01,13.24,13.0040799388677
13.1402366175412,13.1412582336492,13.1020429386963,13.1115419630838,13.1105980702562,13.1125024494721,13.16343987116,13.1507046634358,13.1197120324105,13.126254273231,2018-02-02,13.04,13.1278291112936
12.9612540913408,12.9304106849021,12.9250162322606,12.9187943898451,12.9043408444613,12.9330947192718,12.9666346911872,12.9453564078202,12.9427265977148,12.9261114172596,2018-02-05,12.77,12.9353740076064
12.7710348134256,12.7230413810848,12.7410962964608,12.763557823697,12.7650669253993,12.7898394232354,12.7425447622306,12.7653112302136,12.7720278590913,12.7386597483318,2018-02-06,12.7,12.757218026317
12.6016773149969,12.5622022211201,12.5581300372131,12.58379768754,12.6127355340816,12.6139529049433,12.5794046221723,12.59608210721,12.5965950409164,12.5677276238727,2018-02-07,12.37,12.5872305094066
12.2890631685768,12.2342447944069,12.2363969314427,12.237206773702,12.2706063834795,12.277889871602,12.2739615236003,12.2437005003583,12.2862081525225,12.2339957644604,2018-02-08,12.09,12.2583273864151
12.025072920812,11.9660523186852,11.9780394730734,11.9991425892724,12.02634870292,12.0241540651136,11.9968538812084,11.9777560542728,12.0353025705582,11.9683083146105,2018-02-09,11.86,11.9997030890526
11.8747218723117,11.8278204102527,11.8291813238965,11.8507848811212,11.8926719399664,11.8951757121218,11.8652932044261,11.8365563179146,11.8902605503054,11.8269796325223,2018-02-12,11.89,11.8589445844839
11.8604774519371,11.8331919020883,11.8152591133244,11.839917008399,11.8633867568495,11.8524067379767,11.8668470885654,11.8200174487091,11.873545827985,11.8170029357733,2018-02-13,11.87,11.8442052271608
11.9475210762695,11.9304357694532,11.9105957833381,11.9261678756881,11.9394733828357,11.9515199899447,11.9735013396678,11.9193864815468,11.960210528246,11.9177047400806,2018-02-14,12.18,11.937651696707
12.1846771333717,12.1895970605297,12.1556000910462,12.1861688875639,12.1717837488322,12.1712920246351,12.209071035731,12.1818715424733,12.1877122883141,12.1712589230305,2018-02-15,12.33,12.1809032735528
12.3276719826855,12.3334435341653,12.3020723983358,12.3155934165156,12.2966869610304,12.3217279882529,12.3585467399986,12.3423904118328,12.3164110182788,12.3207678833763,2018-02-16,12.38,12.3235312334472
12.3696149856687,12.3622202753378,12.3489847068379,12.366096177227,12.3368522505457,12.3630766888688,12.3774863132023,12.3833489373016,12.3573550004145,12.3585798672057,2018-02-20,12.39,12.362361520261
12.3502555243181,12.3391904991222,12.3275506821869,12.3453067980686,12.3345340785357,12.3601840690203,12.3476717764631,12.3747524115029,12.3341754142439,12.3393692503954,2018-02-21,12.29,12.3452990503857
12.3542844392671,12.3389737175104,12.3270210356314,12.3302705720047,12.3377905468831,12.3659987661163,12.3583984206588,12.3616566789735,12.3453154124421,12.3394103634053,2018-02-22,12.59,12.3459119952893
12.5759734736623,12.5853020753624,12.5460282554716,12.5600358677531,12.5585684965516,12.5598740045369,12.5907753275462,12.5915823342262,12.562742152296,12.5698641626773,2018-02-23,12.77,12.5700746150084
12.7469283749487,12.7585159606875,12.7154283287913,12.7082460930379,12.6984731969181,12.719310809858,12.7812104060093,12.7611001816136,12.7221909290459,12.7398743492235,2018-02-26,12.86,12.7351278630134
12.7665219488253,12.761242628497,12.7404444593445,12.7451324575672,12.7121163036755,12.7333143746217,12.7743388150998,12.7782270173857,12.7414699595858,12.7509032150853,2018-02-27,12.65,12.7503711179688
12.5801904125968,12.5492993273607,12.5530372188646,12.5610383653178,12.5535511687598,12.5887853982522,12.565285124813,12.594341468608,12.5594808193195,12.5567135309964,2018-02-28,12.37,12.5661722834889
12.3657960722453,12.3214675555129,12.3315658806349,12.3437186673079,12.3630521609454,12.3846477729796,12.3391808034452,12.3590984805932,12.3609475495112,12.3330204700512,2018-03-01,12.35,12.3502495413227
12.3227438278655,12.2956544153973,12.2802338947124,12.2951913940699,12.327890592739,12.3266075484198,12.3136174001032,12.3108206117099,12.3204398993731,12.2923020869442,2018-03-02,12.37,12.3085501671334
12.3901593869418,12.3755799684628,12.346689749979,12.346823886222,12.3697595442674,12.3739070626118,12.4092004276734,12.3668138247743,12.3876696425778,12.361209731067,2018-03-05,12.59,12.3727813224577
12.5344049821788,12.5319892171872,12.4986410325844,12.5122310913378,12.5024219467808,12.5020750438386,12.5543708338922,12.5247445326433,12.5265844319314,12.5127349044157,2018-03-06,12.57,12.520019801679
12.5001068679936,12.4843759654815,12.4689751879751,12.4786241182309,12.4637671986149,12.4876937172008,12.5123245991034,12.5003558677576,12.4858003327638,12.4763636261594,2018-03-07,12.35,12.4858387481281
12.3047790035326,12.2660244954223,12.2760300377208,12.2943787672429,12.2859400194053,12.3120193900658,12.2886313848414,12.2981139569974,12.299236578531,12.2721437856112,2018-03-08,12.15,12.2897297419371
12.2480325890668,12.214143979528,12.2184139497757,12.2392282939687,12.2631588288823,12.2860135231356,12.2382813393561,12.2458039872307,12.2560161411252,12.2240439785985,2018-03-09,12.47,12.2433136610668
12.37852592071,12.3783247690623,12.3383506384767,12.3612599138956,12.3734555029947,12.3583889658684,12.3891652305914,12.3764531972179,12.3714119726112,12.3581183304397,2018-03-12,12.37,12.3683454441868
12.3080197667114,12.2910763803154,12.2668057079719,12.2554441049849,12.2570389206629,12.2792291677172,12.3303451928553,12.2866418660542,12.291167071443,12.2751611515676,2018-03-13,12.24,12.2840929330284
12.2424370140198,12.2107621305123,12.2150174398975,12.2335832250897,12.2211426427595,12.2396899174084,12.2314042725502,12.2289787652508,12.2420039247126,12.212546719512,2018-03-14,12.28,12.2277566051713
12.2851001216274,12.2704582752827,12.255938527481,12.2818511395782,12.294811286054,12.3089608527903,12.2856417186878,12.2985314530845,12.2829385623158,12.269478386035,2018-03-15,12.34,12.2833710322937
12.364455530182,12.3564532725611,12.3295035871858,12.3361278008006,12.3434893186912,12.3559406976382,12.3841390837593,12.3564669802524,12.3599369502978,12.3440606258609,2018-03-16,12.55,12.3530573847229
12.5045604806054,12.5055645864194,12.4734554506956,12.4869295103921,12.4734243347033,12.4805699574853,12.5228601448614,12.5072344344204,12.4928028015456,12.489288705316,2018-03-19,12.55,12.4936690406445
12.6076789278207,12.6031529791315,12.5823856171437,12.5852807271539,12.5751907586249,12.6070249398934,12.6298657127254,12.6187203531811,12.5963330218929,12.5977690335196,2018-03-20,12.81,12.6003402071087
12.8763784405258,12.8873043055767,12.8565865038297,12.8746439964989,12.8552148554645,12.8723206760209,12.898055682533,12.9035220171914,12.8675118917123,12.8792630468984,2018-03-21,13.18,12.8770801416252
13.0696939839894,13.0906817788469,13.0438312036101,13.0528619947354,13.0255679821587,13.0404537391335,13.1006499574368,13.1078345490287,13.0374249960857,13.0712973724203,2018-03-22,12.95,13.0640297557445
13.0499144023937,13.0357565334566,13.0284999772331,13.0122314906689,12.9916207502954,13.045380675724,13.0694150752839,13.0613138322147,13.0301690703085,13.0382319133202,2018-03-23,13.28,13.0362533720899
13.21845283489,13.2229567152106,13.198844825774,13.2293246042787,13.2044750610018,13.2110821846675,13.2140439943991,13.2616129337688,13.2002974585434,13.2208452912616,2018-03-26,13.21,13.2181935903795
13.1640211314904,13.1543486645411,13.1278365434847,13.1120160115067,13.1211726507097,13.1557979963554,13.1830865877515,13.1837214756009,13.1289129189428,13.1506366571229,2018-03-27,13.08,13.1481550637506
13.0440491952133,13.013545794805,13.011048314995,13.0126295392293,13.0010320340925,13.0192251867784,13.0318006884357,13.035405305748,13.0314381738741,13.0160893749928,2018-03-28,13.04,13.0216263608164
13.0473007658034,13.0240839092541,13.0126627084452,13.0252491396148,13.0441895366947,13.0617847864923,13.0411677830274,13.061195391262,13.035782598945,13.0316715676574,2018-03-29,13.09,13.0385088187196
12.9531636007355,12.9301007335522,12.9083379796806,12.9145422156509,12.9230104994956,12.922843666307,12.9519057660867,12.9437496440844,12.9349976110467,12.9227618467645,2018-04-02,12.74,12.9305413563404
12.771687667929,12.7260647580298,12.7313106510338,12.727956683389,12.7440444484098,12.7715076376875,12.7660017379311,12.745268156436,12.7683349069852,12.7328905971584,2018-04-03,12.81,12.748506724499
12.7918507162986,12.7641846518536,12.7561027462763,12.7883239576687,12.7980177871074,12.7943571233054,12.7794952131508,12.7855880407264,12.7977596736958,12.7663242752683,2018-04-04,12.82,12.7822004185351
12.8088863596916,12.7912250204069,12.766801182173,12.7735691961598,12.7939746449313,12.8048990792122,12.82730654951,12.8005810510289,12.801694801495,12.7840079622014,2018-04-05,12.83,12.795294584681
12.7148971857421,12.6881645207019,12.6760939002804,12.6902907190151,12.6771955215345,12.6811392601144,12.7163288136833,12.6924644399821,12.7076892309863,12.6779192801875,2018-04-06,12.51,12.6922182872227
12.6132176566252,12.5727534028509,12.5824206943111,12.5930457187431,12.6056677258313,12.6411887776903,12.6108939165181,12.6022308088485,12.6184910593323,12.5841416747142,2018-04-09,12.77,12.6024051435465
12.872759976884,12.8696604411737,12.8445854081319,12.8786437015494,12.8862633135101,12.8844261321436,12.8854977552605,12.8821041025565,12.884078202167,12.8661496317532,2018-04-10,13.25,12.875416866513
13.2531015450244,13.2839495712331,13.2213399226869,13.2286069434441,13.2191489969284,13.2240538576706,13.3131133500722,13.2762229412473,13.2358592188,13.2573053678748,2018-04-11,13.45,13.2512701714982
13.4432702981809,13.4592707445634,13.4234795347635,13.4182375151445,13.3635357750631,13.3954962280384,13.492094644181,13.4594184424631,13.4193192021767,13.4387953227847,2018-04-12,13.52,13.4312917707359
13.5408427963396,13.5425425479979,13.5320347430384,13.5459768818872,13.4979842727669,13.5428156229615,13.5544488544446,13.5878297333321,13.518546012437,13.5442802631387,2018-04-13,13.55,13.5407301728344
13.5067572557637,13.4975485535017,13.4851811170186,13.4958419372739,13.4797982360761,13.5142425433199,13.5062761105516,13.5492548179976,13.4783038705265,13.5034146720671,2018-04-16,13.38,13.5016619114097
13.3873014742041,13.3603242626585,13.3531385272827,13.3481525659993,13.3565021201512,13.3864838787493,13.3819237686765,13.3975532761596,13.3664803223934,13.3697813334458,2018-04-17,13.41,13.370764152972
13.5211111972865,13.5076634449484,13.4880167603205,13.4932014864516,13.5093224424213,13.5232953059777,13.5280231779832,13.5328026178996,13.5158375005642,13.5154639055374,2018-04-18,13.88,13.513473783939
13.7833321334254,13.8014258997511,13.7476958082481,13.7561103063865,13.748549209824,13.7412372694986,13.8186506887265,13.81056841194,13.7566159387677,13.7849226349694,2018-04-19,13.77,13.7749108301537
13.7634246076753,13.7539275625245,13.7334280031845,13.7124642007458,13.6887253404378,13.7274885479701,13.7970558274287,13.7645284497891,13.7358423136257,13.744968050293,2018-04-20,13.75,13.7421852903675
13.8082543557515,13.7913622541736,13.7922202495073,13.8132716920863,13.7835936351693,13.8141224149454,13.8043972148681,13.8315729886247,13.8049110138741,13.8012446535636,2018-04-23,13.92,13.8044950472564
13.848096376231,13.8405285039547,13.8170218071955,13.8341283520352,13.8363097572458,13.8517326330337,13.8543897933248,13.883551672147,13.8226292290633,13.8446012000473,2018-04-24,13.68,13.8432989324278
13.6990392513164,13.6672845033232,13.6608106378266,13.648686458985,13.653606464882,13.6818908059766,13.7045923824857,13.6880463605394,13.6835224942194,13.6732305327605,2018-04-25,13.72,13.6760709892315
13.7219832011299,13.6985249077377,13.6904789487075,13.7115991312839,13.7100704770804,13.717887626041,13.7130656278237,13.7305425526992,13.7196330525778,13.7082679796405,2018-04-26,13.77,13.7122053504722
13.75237074331,13.7362740078258,13.7132780894501,13.7186620828383,13.7332250028935,13.7450314193579,13.7653445786838,13.7613088117069,13.735258778329,13.739118256138,2018-04-27,13.73,13.7399871770533
13.7414544651137,13.7201212632677,13.707299339483,13.7110194085173,13.7042183221303,13.7190589470788,13.7530596476107,13.7340310417573,13.7352342316669,13.7207562527243,2018-04-30,13.8,13.724625291935
13.7426003206781,13.7239088140349,13.7119145196764,13.7315771361806,13.7206990524831,13.733174760198,13.7451505357118,13.7528954167552,13.7321729422069,13.7262258273444,2018-05-01,13.61,13.7320319325269
13.6490065039517,13.6170862288068,13.6147686816087,13.6187878150227,13.6249300613354,13.6522707713153,13.6508971145942,13.6456713532589,13.6411805515024,13.6264535263916,2018-05-02,13.67,13.6341052607788
13.7061282499713,13.6857332983725,13.6749585730915,13.6974228856829,13.6978064763836,13.7055384493379,13.7070080256847,13.7117382034566,13.7080591067639,13.6930551229778,2018-05-03,13.82,13.6987448391723
13.8903853259091,13.8877182938304,13.8591275194991,13.8690928232735,13.8729924681755,13.8862022509976,13.9209243054629,13.9043228373174,13.8826054387035,13.8865975200419,2018-05-04,14.09,13.8859968783211
14.0647284962346,14.0729997483486,14.0399189152454,14.0494681225965,14.0183756116232,14.02938884928,14.1017725887015,14.0819799373465,14.0500445511595,14.0606924920046,2018-05-07,14.1,14.056936931254
14.1018858850762,14.0969785175613,14.0819927871716,14.0842747123215,14.0523125468167,14.0888016431028,14.1266553765217,14.1240600514624,14.0810424295124,14.0939676270728,2018-05-08,14.06,14.0931971576619
14.1705744114794,14.1595114846986,14.1536755229637,14.1652294621414,14.1463181499858,14.1827348821359,14.1805287815077,14.1977644435822,14.163549721946,14.1696956300974,2018-05-09,14.37,14.1689582490538
14.3641520922491,14.3729873508658,14.3406397245349,14.3579444250252,14.3457511962378,14.3576720358755,14.387732894485,14.4066331055829,14.3442393239188,14.3737875119939,2018-05-10,14.41,14.3651539660769
14.3571052529091,14.3534466636742,14.3271827994304,14.3159768657063,14.2982942474051,14.324004764572,14.3860635016228,14.3734085692672,14.3254594553568,14.3481443994654,2018-05-11,14.25,14.3409086519409
14.3031181196196,14.2815056736597,14.2802580399678,14.2811370831875,14.2625255460797,14.2970445716674,14.3033623576277,14.3157295331854,14.2923862914826,14.2923320240574,2018-05-14,14.38,14.2909399240535
14.3856595926712,14.3752447834276,14.3578766782476,14.3765427244034,14.3782895575585,14.3923076767535,14.3867490497443,14.4188593477796,14.3709126164646,14.3883228549535,2018-05-15,14.4,14.3830764882004
14.4156396915871,14.4042567708494,14.3808230686379,14.3769048417234,14.3818777850463,14.397838363058,14.4365103135419,14.4261667511605,14.3960229072246,14.4088055756242,2018-05-16,14.46,14.4024846068453
14.4601182146986,14.4499503953402,14.4340295765233,14.4421228058209,14.4231662066569,14.4377898405756,14.4743348829351,14.471973527406,14.4508995242016,14.4527710712936,2018-05-17,14.49,14.4497156045452
14.4826869112933,14.4706947885886,14.4563166336861,14.4649043173508,14.4544387219803,14.4761946612587,14.4937700139407,14.5029538379128,14.4657596836678,14.4769109521882,2018-05-18,14.43,14.4744630521867
14.5165797056843,14.5011255365673,14.4911889409723,14.496897710661,14.4915647178317,14.5162124568165,14.5281686787967,14.52963899106,14.5098398594925,14.5116603724983,2018-05-21,14.67,14.5092876970381
14.6241702736626,14.6231047116798,14.5993773719195,14.6192583262001,14.6024530167646,14.6089599658006,14.6402288136231,14.6525132933765,14.6104869320093,14.6256728244678,2018-05-22,14.56,14.6206225529504
14.5660685239363,14.54929802553,14.5368851199063,14.5308277053528,14.5224821738406,14.551119121917,14.5829646491017,14.5733454348289,14.545196882278,14.5534414540498,2018-05-23,14.51,14.5511629090741
14.450970169385,14.4249774009561,14.4239126626078,14.440216021469,14.4228269845763,14.4394032187107,14.4383022157258,14.4616414520921,14.4427826283784,14.436525117075,2018-05-24,14.29,14.4381557870976
14.1390892037378,14.0900244496597,14.0945450874946,14.1035852258978,14.1200797085564,14.1355868824976,14.1069848905042,14.1365865193267,14.1160292629193,14.1091687577318,2018-05-25,13.68,14.1151679988326
13.6812512441757,13.5979258089544,13.6272749358976,13.6311672390514,13.6747479200192,13.6900434935176,13.6244422677289,13.6390073981855,13.6857805493468,13.6327070060796,2018-05-29,13.51,13.6484347862957
13.6214983739016,13.562344130489,13.5700873372793,13.6050147362198,13.6644181419808,13.6480647804325,13.582866404276,13.5974256249354,13.6484909475849,13.5957451702179,2018-05-30,13.83,13.6095955647317
13.7122757478778,13.6940822207942,13.6569958741136,13.6825769688908,13.7136406212181,13.6770482142415,13.7292834143873,13.6942307488504,13.7110432215446,13.6888471799265,2018-05-31,13.55,13.6960024211845
13.4828535363665,13.4385266051302,13.4383924285107,13.4338787461812,13.4252614086505,13.4401944093262,13.4959629912649,13.4325526372765,13.4805577662256,13.4318936557371,2018-06-01,13.25,13.4500074184669
13.2612327985471,13.2015088391515,13.2328750563159,13.2732340306644,13.263232303315,13.2823483064662,13.2256986180913,13.2401039240635,13.2816886215539,13.2208131369449,2018-06-04,13.12,13.2482735635114
13.188812799174,13.1443096234483,13.1494703583326,13.1864394095474,13.2239887184362,13.2328429249954,13.172935905027,13.184043029311,13.2026144749791,13.1632831577915,2018-06-05,13.22,13.1848740401042
13.1837805673323,13.1580623255427,13.137483717216,13.1590783117743,13.1759735871598,13.1640094054559,13.1945943015155,13.1589340767343,13.1898485340816,13.152549906116,2018-06-06,13.16,13.1674314732928
13.2164293260905,13.1928163749441,13.1798070720567,13.1886700000547,13.1896738596489,13.2044491885016,13.2383425068896,13.1948897945347,13.2211390152275,13.1886665610479,2018-06-07,13.35,13.2014883698996
13.3112625965811,13.3008789206768,13.2829850033347,13.3116643782339,13.2913174806459,13.2969751875625,13.3235734456647,13.3165447911571,13.3096643315658,13.2946799625875,2018-06-08,13.27,13.303954609801
13.3142423468704,13.2959407189388,13.2854687787481,13.2936540662088,13.2883349046,13.3203541451583,13.3328720461831,13.3201188281033,13.3060916707025,13.2969431841465,2018-06-11,13.36,13.305402068966
13.3627467686129,13.3478914015236,13.3367617356327,13.3605503277187,13.3428608927639,13.3571276191484,13.3684470648458,13.3716100253286,13.3603863794805,13.3480480467267,2018-06-12,13.4,13.3556430261782
13.4194574817497,13.4084466582992,13.3892090344193,13.3986787505375,13.3983715867547,13.4215615937721,13.4361654658555,13.4350769223404,13.4062915734355,13.4085960384236,2018-06-13,13.47,13.4121855105587
13.4652906376631,13.4542433408914,13.4350199870074,13.4430580503183,13.4309167901206,13.4473747215301,13.4792144277225,13.4724297808597,13.4536203389711,13.451144958082,2018-06-14,13.52,13.4532313033166
13.3712636076433,13.352138116598,13.3366020483633,13.3471069489721,13.3339729604284,13.3484726128821,13.3707877402463,13.3814543753505,13.3467973735177,13.3488475037897,2018-06-15,13.05,13.3537443287791
13.1564416735889,13.1058374908513,13.1215567656713,13.11658958565,13.1331817899303,13.1750609733864,13.1438183546798,13.1408412966194,13.1537387359803,13.1241899915916,2018-06-18,13.29,13.1371256657949
13.2102735143842,13.189505503441,13.1731049774894,13.2123617369505,13.2218279887729,13.206180438302,13.192831105836,13.2193127956039,13.2103354703931,13.1934242820054,2018-06-19,13.14,13.2029157813179
13.1832226127394,13.159358792553,13.1371024530247,13.1253332623417,13.1560520844183,13.1780458518299,13.2085477369965,13.1685627765217,13.1704692866635,13.1572230085539,2018-06-20,13.28,13.1643917865643
13.2514412641511,13.2348589440561,13.2192327913388,13.2400656931269,13.2191948943014,13.2171484106915,13.257591146101,13.2384445812086,13.2540982231633,13.2277105735635,2018-06-21,13.31,13.2359786521702
13.5296433922928,13.5293008084724,13.506945702142,13.5155149742004,13.5222911700635,13.5577445924332,13.5684159212698,13.5514432322681,13.5306046328468,13.5325652990211,2018-06-22,14.02,13.534446972501
13.8788762364241,13.9141068967423,13.8578335561126,13.888444094474,13.8366603526337,13.8253655900917,13.9230871596253,13.9187215402034,13.8580908194072,13.8871675618054,2018-06-25,13.77,13.878835380752
13.9620850657082,13.962053917339,13.9467840257607,13.9182706383438,13.8917082196187,13.964831873103,14.0167901762392,13.9837377316114,13.9371051779867,13.9595818330296,2018-06-26,14.27,13.954294865874
14.3470701663651,14.3754882678013,14.3482518362867,14.3877005691908,14.324519341629,14.3407891221542,14.3697440663738,14.4125507642502,14.3436148645495,14.3729115376275,2018-06-27,14.65,14.3622640536228
14.7131413380234,14.7563377171872,14.6982666149994,14.6847711504611,14.6675873832096,14.7088002400182,14.7854893990898,14.78925400108,14.6615485750874,14.743974101536,2018-06-28,14.86,14.7209170520692
14.8908647684658,14.9212370635284,14.8853631551377,14.8696880329124,14.8001091392181,14.8398226438183,14.9465384896007,14.9354154413895,14.8601236815723,14.9042481888352,2018-06-29,15.06,14.8853410604478
15.0385481022944,15.0613183382006,15.0331127790423,15.0310128035756,14.9845656780606,15.0319514161786,15.0680875572846,15.1117608036302,14.9939292843596,15.0592223626213,2018-07-02,14.96,15.0413509125248
14.9664813374961,14.9617429919783,14.9445753100501,14.927308425856,14.9140623110511,14.9599616122456,14.9770932328397,15.0080068181523,14.9257115808641,14.9717379791345,2018-07-03,14.92,14.9556681599668
14.8741719447831,14.8568140041772,14.8427645646765,14.8411957889228,14.841690415257,14.8636831320532,14.8631646741479,14.9047196543325,14.8473393694358,14.8754730103244,2018-07-05,14.78,14.861101655811
14.8462211451712,14.8218586497476,14.8073598001684,14.8002942438993,14.827309176422,14.8457745903745,14.8427821527056,14.8604057935486,14.8272643134207,14.8456988901442,2018-07-06,14.96,14.8324968755602
14.9514237116119,14.9452172968973,14.9178551115602,14.9271351433798,14.9309401203299,14.9266161192904,14.9635955394738,14.9717058266085,14.9413767740742,14.9571337447505,2018-07-09,15.03,14.9432999387977
15.0425533404193,15.039944906036,15.0152286907163,15.0134363981953,15.0053829118502,15.0190603997607,15.0719622066344,15.0576797701918,15.0240721953578,15.0421260577626,2018-07-10,15.07,15.0331446876925
14.8386090721783,14.8200577974228,14.8127313547743,14.825515830903,14.7876801229356,14.8000959465156,14.8329667879886,14.8501343845608,14.8154351084579,14.8189997869837,2018-07-11,14.31,14.820222619272
14.4324187584817,14.3607021288,14.3955923171246,14.3892085708571,14.415983778919,14.4660060319842,14.3852259507204,14.4086276403029,14.4294765481132,14.3973973190609,2018-07-12,14.39,14.4080639044364
14.4130847899976,14.3702767683199,14.372905477101,14.4251184929708,14.4590086776391,14.4376880133348,14.3658340493705,14.4237774736754,14.4357505077569,14.4092943889098,2018-07-13,14.47,14.4112738639076
14.308789500391,14.2768114755355,14.2479802033568,14.2514749956969,14.2954921116239,14.274410734962,14.316050007745,14.2925511934139,14.2837237338369,14.2842315639021,2018-07-16,13.94,14.2831515520464
13.978065593685,13.9144074207476,13.9358527989359,13.9316399960686,13.9322341518857,13.9474298598862,13.9597816516349,13.9193947799919,13.9935998469435,13.927314033791,2018-07-17,13.95,13.943972013357
14.0215857698921,13.9824051081791,13.9923224081825,14.0455634179642,14.0579902121889,14.0559723529733,13.9925220364574,14.0264925364471,14.0466220313984,14.008301823823,2018-07-18,14.1,14.0229777697506
14.1187059408663,14.1028313297771,14.0774407037113,14.097897620092,14.1216774359568,14.1167171362953,14.1427345285352,14.117255174146,14.1159359481168,14.1062530325662,2018-07-19,14.13,14.1117448850063
14.134615446515,14.1188780621405,14.106091661892,14.1179884896485,14.0909826634939,14.0990640127461,14.1615320316581,14.1176653723379,14.1391294309998,14.1115014964636,2018-07-20,14.15,14.1197448667895
14.1584524111948,14.1420112990133,14.1391701187776,14.1647018276845,14.136943956466,14.1611685801154,14.1673386870095,14.1719921209793,14.1566208702907,14.1455972581728,2018-07-23,14.09,14.1543997129704
14.1598178635478,14.1401009833922,14.1352469254253,14.1506188916414,14.1448415872471,14.1723639822506,14.1674006004584,14.1738991878189,14.1549818593974,14.1503737242364,2018-07-24,14.23,14.1549645605416
14.2845455313586,14.2780209682072,14.2595898132346,14.2788407915071,14.2698805795061,14.2825563180631,14.3020482728033,14.303814328378,14.2810712038417,14.2829787227428,2018-07-25,14.42,14.2823346529642
14.4270633422025,14.4304620135503,14.4020365485679,14.4099556261161,14.3928479915055,14.4084544745161,14.4602198176439,14.4495532210678,14.4106054833594,14.4266430481513,2018-07-26,14.47,14.4217841566681
14.4255379291332,14.4197069615963,14.4024763149767,14.4046954097692,14.3742200482028,14.3994597293381,14.4461113299345,14.443385683013,14.4045386804288,14.4166492966462,2018-07-27,14.32,14.4136781383039
14.4157256164166,14.3963439987676,14.3946886564239,14.399690490918,14.3885283834637,14.4261215781889,14.4199501014846,14.4343233378885,14.4063172605711,14.4096824668818,2018-07-30,14.54,14.4091371891005
14.4498407625698,14.441615245693,14.4211011818201,14.4437015279697,14.4342150903986,14.4394064892489,14.4512276171599,14.4808224874488,14.4319868029182,14.4487162660133,2018-07-31,14.28,14.444263347124
14.2494555485853,14.214825002651,14.2090402282541,14.1964039322411,14.206656003747,14.2339907190561,14.2499711498035,14.2425130465675,14.2253944860641,14.2249312206591,2018-08-01,14.09,14.2253181337629
14.1835288441471,14.1454331990474,14.1522083263555,14.1684560406056,14.1743420747034,14.1895116676592,14.1640924146682,14.1798905623658,14.1935588998284,14.1677754437928,2018-08-02,14.36,14.1718797473173
14.3186762085642,14.3093433446961,14.2813177688761,14.306421722406,14.3220864371741,14.3145104119789,14.3274869911568,14.3410326977191,14.3071708536367,14.318016025471,2018-08-03,14.27,14.3146062461679
14.2876885899023,14.2689148076022,14.2514269095639,14.2427615184431,14.240018749095,14.256807529111,14.3144041596442,14.2753124108553,14.2751938383412,14.2675297423136,2018-08-06,14.31,14.2680058254872
14.3293149661205,14.3134356183171,14.3091070978453,14.3324800653526,14.304121617296,14.3201740830924,14.3337726337854,14.339591025833,14.3325118173578,14.3188776572713,2018-08-07,14.36,14.3233386582271
14.2416412861694,14.2211625649156,14.210036814131,14.2275125837826,14.2205876744624,14.2367445459826,14.2408557942716,14.2599890752606,14.2190588090232,14.2268361352139,2018-08-08,13.9,14.2304425283213
13.9400319083913,13.8849942304364,13.9014737929652,13.8989295532849,13.9108767603463,13.9425336227066,13.9187927928526,13.9173181412402,13.9363548760382,13.9050269826779,2018-08-09,13.88,13.915633266094
13.9467936909264,13.9096584367459,13.9113342276128,13.9465818555023,13.9675430798055,13.9662965672898,13.922476956205,13.9494624085832,13.9612896388708,13.9337730456564,2018-08-10,14.08,13.9415209907198
14.0433110440602,14.0308907172381,13.9982978041187,14.0110712959471,14.0347142799137,14.0257282520933,14.0644987596567,14.045749708199,14.031364855519,14.0320418722146,2018-08-13,14.01,14.031766858896
14.0011184820102,13.9794752268802,13.9667292667481,13.9657051614077,13.9493405843961,13.9628485216086,14.0227110243019,13.9815385442365,13.9962296612812,13.9746337882466,2018-08-14,13.99,13.9800330261117
13.9009903294274,13.8720489567925,13.8744902906202,13.9016522946754,13.8780970002212,13.8947932571603,13.8902398970626,13.9071908550329,13.8951966025714,13.8780996375265,2018-08-16,13.63,13.889279912109
13.7008694166129,13.6515079150378,13.6650096736834,13.6748414070329,13.6949293122995,13.7272367215096,13.6839582349266,13.6926675793464,13.6993205299562,13.6730326473957,2018-08-17,13.69,13.6863373437801
13.7029595206062,13.6720174527012,13.6651359328974,13.6968964320449,13.7115552737574,13.7053830685641,13.6904917704034,13.6997977152149,13.7124941867602,13.6848992901556,2018-08-20,13.76,13.6941630643105
13.7756456785691,13.7593322297787,13.7342032196147,13.742146005482,13.7595048291668,13.7638949591842,13.7984513292742,13.7710476635989,13.7684233498618,13.7590070080991,2018-08-21,13.83,13.7631656272629
13.9478385175079,13.9412166047158,13.9216014791663,13.9301160533598,13.9141370888441,13.9291273393373,13.9801510160253,13.9446980742249,13.9530543919154,13.9379067104562,2018-08-22,14.27,13.9399847275553
14.2495478780021,14.2699885430522,14.2332707222098,14.2599979177679,14.2217269402883,14.2316723681609,14.2903401813442,14.2896346781096,14.2361853907637,14.2580548791633,2018-08-23,14.27,14.2540419498862
14.3412718054872,14.3458870537379,14.3257593222515,14.3195091688844,14.2843652672979,14.3301918774763,14.3855206528779,14.3664339485468,14.3189840499041,14.3390761304391,2018-08-24,14.43,14.3356999276903
14.4524307508228,14.456604875932,14.4431997753143,14.462827414013,14.4164646095768,14.4468926982871,14.4683269614084,14.4937802824577,14.4403019076676,14.4577670048542,2018-08-27,14.5,14.4538596280334
14.4955136363227,14.4939652599332,14.4724937367914,14.4742139417584,14.4639315427999,14.497422287999,14.513977188279,14.5364030410774,14.4636257573564,14.499075014091,2018-08-28,14.43,14.4910621406408
14.4999165657982,14.487920164067,14.473816703402,14.4684102140713,14.459709108242,14.4884712859869,14.5124636589817,14.5175253286628,14.4843138319134,14.4970157595419,2018-08-29,14.66,14.4889562620667
14.6687673538741,14.6725446162581,14.6443450266044,14.6560803092347,14.6459818115731,14.6580943517915,14.6874424719091,14.7062971039514,14.650759918873,14.6783781314802,2018-08-30,14.75,14.6668691095549
14.7328381425156,14.7335407086142,14.7049451241575,14.6974026021662,14.6851756312966,14.7067459557638,14.7634006519919,14.7561490423935,14.7039646599672,14.7324296433493,2018-08-31,14.71,14.7216592162216
14.6753180590429,14.6621126666891,14.6522783137714,14.6541160709018,14.6279565933473,14.6540283373807,14.682271309768,14.692043541003,14.6576164563017,14.6665793966962,2018-09-04,14.58,14.6624320744902
14.5808958426543,14.5542602091599,14.5524630635336,14.5611135812114,14.5609097919429,14.5879788776258,14.5700650540959,14.5984652811643,14.5653636428021,14.5717871726509,2018-09-05,14.49,14.5703302516841
14.4433731390656,14.4099664496149,14.4045364704099,14.4150719408334,14.4283244787731,14.4378955812789,14.4268776157699,14.4486543425018,14.4308878986215,14.4287414920363,2018-09-06,14.3,14.4274329408905
14.3111079315855,14.2707876789913,14.2684877913424,14.2742497972694,14.2968040593882,14.3057622906045,14.297242159954,14.3011293579308,14.3059963847706,14.2905645471357,2018-09-07,14.28,14.2922131998972
14.2591923634992,14.226599796178,14.2193552740737,14.2379709538789,14.2506855828064,14.2481439817633,14.2493599425216,14.2533426550389,14.2600295037518,14.2414265424512,2018-09-10,14.21,14.2446106595963
14.3434340916433,14.3205151034955,14.3096746380159,14.3196849750432,14.33493430752,14.3462734094503,14.3576387594799,14.338633342402,14.3489089455104,14.333056809064,2018-09-11,14.6,14.3352754381624
14.6288623679826,14.6402045778135,14.6087387712081,14.6379292426594,14.6129154553891,14.6086829871385,14.6662293041324,14.652038150258,14.6314225688403,14.6351127101389,2018-09-12,14.78,14.6322136135561
14.701549645674,14.7097382107013,14.6827128825419,14.6866109831245,14.6456075731991,14.6693489288603,14.7457987926606,14.7235026934404,14.6746711040949,14.695116764833,2018-09-13,14.49,14.693465757913
14.5413777937072,14.5154541946349,14.5275321163703,14.5310524271145,14.4933416197225,14.5419838368827,14.5408803696909,14.5491011855287,14.5340240283904,14.5235547202976,2018-09-14,14.5,14.529830229234
14.5171540336859,14.4937015426827,14.4938050521727,14.5242903015188,14.5239678548581,14.5442188097189,14.4968207728064,14.5501734397051,14.5111101410639,14.5167599713984,2018-09-17,14.47,14.5172001919611
14.5470448596625,14.5279672447448,14.5081123894464,14.5087045269738,14.5360166498972,14.5478928728499,14.558918585752,14.556551522421,14.5334199167479,14.5436761893436,2018-09-18,14.69,14.5368304757839
14.7344710381662,14.7368959564122,14.7078307259809,14.7180713069332,14.7043746078617,14.704060229736,14.7650306207754,14.7485841732277,14.73204809749,14.7375577086378,2018-09-19,14.94,14.7288924465221
14.8889710967159,14.9006981862189,14.8692827124912,14.8754668014592,14.8437580137827,14.8596815910104,14.9288577733961,14.9192750770314,14.8646597168563,14.892053693608,2018-09-20,14.8,14.884270466257
14.8796778590287,14.8715445064523,14.8658403903112,14.8626613669786,14.8303321606857,14.8728029610474,14.901064217127,14.896869928714,14.8662972222004,14.8742077123389,2018-09-21,14.96,14.8721298324884
15.0592058686444,15.0634333092922,15.0495309136427,15.0743268958414,15.0505845306169,15.0751522535339,15.0734061928544,15.1045066091448,15.0555237319987,15.0748024042639,2018-09-24,15.25,15.0680472709833
15.2503235942967,15.2676516451128,15.2307462549049,15.2358042873769,15.2204430334536,15.2358637543086,15.292612549042,15.293879582379,15.2217967381037,15.266043603118,2018-09-25,15.27,15.2515165042096
15.2202251056218,15.2232647184226,15.2026711196541,15.1937585204946,15.155294336096,15.1832260809534,15.2497721776914,15.2418400643433,15.1941252699919,15.2174374265745,2018-09-26,15.11,15.2081614819844
15.1883455256555,15.1750878915187,15.1733293104658,15.1768574100228,15.158295621307,15.1978868550229,15.1876907739403,15.2157225141855,15.1762805993885,15.1902015744296,2018-09-27,15.26,15.1839698075937
15.3424043461748,15.3429805873201,15.3212671348031,15.3372466339499,15.3397550071413,15.3539202744501,15.3537355900537,15.3843851184231,15.3313619544218,15.3615093743071,2018-09-28,15.52,15.3468566021045
15.6364979078907,15.6587615824001,15.619232265447,15.6194164616877,15.6093351682011,15.6188074073162,15.6908430600583,15.6735613824232,15.6211569523002,15.6598779537363,2018-10-01,15.95,15.6407490141461
15.9572690566923,16.002599644168,15.9597291725463,15.9653486018075,15.9031936179742,15.9188393078997,16.0294055729594,16.011108521005,15.9380379399685,15.9831087583795,2018-10-03,16.08,15.9668640193401
15.9878441207156,16.0167738936556,15.9911318784162,15.9838074836682,15.9163234072708,15.960786155516,16.0347494202803,16.0375982825672,15.9467705037368,15.9968349584538,2018-10-04,15.74,15.987262010428
15.7791448643132,15.76671254629,15.771606528864,15.765617078126,15.735273209217,15.7931010442914,15.7680692685899,15.8075282166031,15.7577898889283,15.7782449243086,2018-10-05,15.69,15.7723087569531
15.7058826564312,15.6865463630871,15.6786549743085,15.697365293446,15.7138370680857,15.7322675780704,15.6764853899686,15.7451163343606,15.6936362763073,15.7220239725773,2018-10-08,15.68,15.7051815906643
15.7233231363945,15.7081136228521,15.6819212714528,15.6800144823025,15.7166321207279,15.7132605531622,15.7274700277851,15.7394667124073,15.705770409555,15.7359362545131,2018-10-09,15.82,15.7131908591152
15.6484273178927,15.6409334049401,15.6175582541063,15.6254467110698,15.6104666492162,15.5989097393688,15.6558985253861,15.661609016865,15.6352764936424,15.6474355700903,2018-10-10,15.38,15.6341961682578
15.2984160869117,15.2533018585919,15.2641961910713,15.2589679174599,15.2600987813716,15.2861245339056,15.2672906895416,15.2828469057805,15.2818225486316,15.2712510760241,2018-10-11,14.95,15.272431658929
15.0583386053837,14.9987190410708,15.0240188234011,15.0518596520228,15.0796471259708,15.0920480549769,14.9961627277236,15.0489942817438,15.0813602520179,15.044740879602,2018-10-12,15.12,15.0475889443913
15.1287388306202,15.0996198631178,15.0852804397922,15.1247916670797,15.1681893951066,15.1401372849037,15.1109214228648,15.1397415989323,15.1363897849547,15.1337901215958,2018-10-15,15.13,15.1267600408968
15.1520813804585,15.1351559060777,15.1163019657025,15.1211846368504,15.127260815689,15.1142037527439,15.1790876456779,15.1340759568999,15.1536785167291,15.1392318373394,2018-10-16,15.19,15.1372262414168
15.080487180187,15.0663436114575,15.0644073249541,15.0908559486051,15.0450673630435,15.0492893874475,15.0854895016815,15.0819963168278,15.0851972401807,15.0637937623334,2018-10-17,14.82,15.0712927636718
14.8166802202869,14.7715655691316,14.7909386088223,14.805131800963,14.8013043436074,14.8355441000789,14.7904004492498,14.8107976500836,14.810206001487,14.7906410162033,2018-10-18,14.56,14.8023209759914
14.6552215222122,14.6053039438747,14.6231417126266,14.6551321315197,14.6745558045292,14.684243839954,14.6155611663004,14.6494136204913,14.6747969615214,14.6399180410755,2018-10-19,14.72,14.6477288744105
14.7295880717621,14.706816798408,14.6896613488885,14.7205392532124,14.7482073920387,14.7313956154874,14.7286296413095,14.7360648734255,14.7330410236008,14.7266208291188,2018-10-22,14.74,14.7250564847252
14.5226942336665,14.4938335819928,14.4793248768522,14.4855339316045,14.4765553082944,14.4677979984428,14.5277298196005,14.5032206944951,14.5050891705462,14.490907712765,2018-10-23,14.04,14.495268732826
14.1226114570791,14.0489479396561,14.0869335401167,14.0890967150734,14.0970675580779,14.1346185559172,14.0815498203678,14.0812189469291,14.1343598479392,14.0762988963979,2018-10-24,14.05,14.0952703277554
14.1231126301636,14.0769991347319,14.0880693024862,14.1461691456,14.1762800259543,14.1650415196321,14.0794595334746,14.1292687583722,14.1511416757341,14.1127452361828,2018-10-25,14.21,14.1248286962332
14.2482586949786,14.2315837099871,14.1999668606812,14.2142180938714,14.2537910799783,14.2390294358791,14.2764682878622,14.240137941534,14.2450714740878,14.2371812686428,2018-10-26,14.33,14.2385706847503
14.2454133965425,14.2327276186171,14.2148697713394,14.2273285313078,14.1911567002724,14.1876434421278,14.2739704280003,14.2249259551927,14.2467846944983,14.2191687608317,2018-10-29,14.11,14.226398929873
14.1383633868776,14.1063647055147,14.1174075754849,14.1337352766999,14.1107028953158,14.1477577654135,14.1370095230703,14.1394569890095,14.1362122861106,14.1153292902562,2018-10-30,14.03,14.1282339693753
13.9890062324351,13.9514828991587,13.9596484811614,13.9920885219889,13.9888789285581,14.0041327877556,13.9651090445136,13.997131656939,13.9886031731256,13.9687176489224,2018-10-31,13.79,13.9804799374558
13.724654991471,13.6729685814687,13.6782083126329,13.6912658180057,13.7175259402009,13.7287930910776,13.7012793225752,13.7091679417288,13.7164632221247,13.6904030792187,2018-11-01,13.46,13.7030730300504
13.4376356117556,13.3741123748952,13.3881968266806,13.4030837919067,13.4321584766185,13.435067946324,13.4039951397929,13.4014154392419,13.4456201201358,13.3939290851006,2018-11-02,13.31,13.4115214812452
13.3168990323319,13.2656122900257,13.2672150158314,13.2911099208109,13.3303431904327,13.3237526714108,13.2946160232683,13.2904942619153,13.3279519472628,13.2819568267588,2018-11-05,13.3,13.2989951180048
13.2589100874648,13.2219836281356,13.2094597440441,13.2293969036075,13.2545640354939,13.2440512176817,13.2592758454409,13.2293467887368,13.2650408715324,13.2231507450419,2018-11-06,13.18,13.2395179867179
13.1545345932023,13.1151518696077,13.1121246162672,13.1289662419643,13.134957436557,13.1402630667789,13.1575048256238,13.1219695785854,13.1613098614883,13.1146573986809,2018-11-07,13.06,13.1341439488756
13.014812449829,12.9720765752121,12.9775159701137,13.0064110210859,13.0072833737356,13.0158834264787,13.0042505948385,12.9936760269243,13.0222915038599,12.9767191637181,2018-11-08,12.84,12.9990920105796
12.8262452222589,12.7779308605649,12.7860425652896,12.8097521819302,12.8266167244176,12.8403120620181,12.8129398539045,12.8041174837557,12.8331770815516,12.7866245417123,2018-11-09,12.7,12.8103758577403
12.6434859803339,12.5965549282095,12.5997498352526,12.626230679322,12.6447075955049,12.6457808084119,12.6272076028679,12.6154457038029,12.6509943772316,12.6004248323408,2018-11-12,12.48,12.6250582343278
12.2605745593377,12.2020906637662,12.2081917793938,12.2297026450598,12.2495244872128,12.246058751413,12.2325362565182,12.220732882195,12.255693229796,12.2004922497635,2018-11-13,11.69,12.2305597504456
11.8290475131813,11.7410837348286,11.7835609516551,11.7897817961754,11.8406079461572,11.8713774842954,11.7987123302554,11.7641073353336,11.8551437563614,11.7627351466803,2018-11-14,11.95,11.8036157994924
11.9223419202208,11.894671803714,11.8785934835461,11.937870517188,11.9753121141066,11.9341473209212,11.9049258197383,11.8939032440752,11.9504616607342,11.8839512623206,2018-11-15,11.98,11.9176179146565
11.985578356844,11.9775752725059,11.9334979994671,11.9312889177499,11.9677478133915,11.9739722477093,12.0346324954902,11.9493003415703,11.9891724938833,11.9496606365442,2018-11-16,12.07,11.9692426575156
12.0624790744378,12.0444832985441,12.0283650580711,12.0480606289597,12.0207975373203,12.0216729486205,12.0790150924721,12.0205888335615,12.0690599416355,12.0267454093698,2018-11-19,12.14,12.0421267822992
11.9055587795336,11.8842171078557,11.8758632350957,11.9163022063234,11.8956008033784,11.9053483234415,11.8946061653687,11.9185203538335,11.8908954029475,11.8784337078395,2018-11-20,11.27,11.8965346085617
11.4193649093865,11.3428473515404,11.3924652824617,11.3935374419469,11.4168292473215,11.4781603949196,11.3985738753103,11.3848209112966,11.4329353740202,11.3705094085822,2018-11-21,11.52,11.4030044196786
11.2861626212011,11.2547045551941,11.2503598448873,11.3189545155843,11.3339532009206,11.2888173776462,11.2353918393272,11.2706374479008,11.2934591817911,11.2414609465184,2018-11-23,10.83,11.2773901530971
10.8985695392091,10.8517372479299,10.8514022301987,10.8278747662858,10.893761332337,10.9385828089054,10.9198798894643,10.8503983964,10.9070999196493,10.8438101730758,2018-11-26,10.94,10.8783116303455
10.8949451328372,10.8636323836369,10.8565015948601,10.8917836037159,10.8973775951985,10.859278556813,10.8721189897301,10.8224885297063,10.9090114681109,10.8377689621889,2018-11-27,10.95,10.8704906816798
10.8674469465906,10.8647328477421,10.8299292828781,10.8515888304387,10.8813039695198,10.891774392912,10.8905835387347,10.8615883862169,10.8714467987643,10.8421524283479,2018-11-28,10.66,10.8652547422145
10.7300439638856,10.6943372577353,10.6973031364247,10.7049500058638,10.7061939655219,10.7236244314428,10.7347291727294,10.6713469054085,10.7379983203979,10.6873165198957,2018-11-29,10.87,10.7087843679306
10.8214963783047,10.8176842717431,10.799011711331,10.8521717195495,10.8522376928257,10.8433324999457,10.8131879371495,10.8243350167286,10.8277014975061,10.8077038510851,2018-11-30,10.73,10.8258862576169
10.87814228122,10.8766622428972,10.8539219452664,10.8603511317649,10.8779460939556,10.9130432638015,10.9074415613302,10.8723246433062,10.8856605989827,10.8700369215871,2018-12-03,11.27,10.8795530684112
11.1676418468534,11.1911655015257,11.1404066693848,11.1757016931313,11.1534356694389,11.1291192370616,11.1682780375292,11.1647948920585,11.1532346921243,11.1618221695526,2018-12-04,11.18,11.160560040866
11.1086410758154,11.1115387963981,11.0842594170924,11.0858378034163,11.0757693898775,11.1134037380105,11.123596794638,11.1266974151355,11.0875357640726,11.1058103782968,2018-12-06,10.94,11.1023090572753
10.9851928628275,10.9567113784414,10.9717861080782,10.9905743659773,10.97278726595,10.9974895532146,10.9590554205666,10.976525931549,10.9773005441886,10.9678230605569,2018-12-07,11.11,10.975524649135
10.9750062624228,10.9785667428413,10.9556474154435,10.9952030779151,11.0010398384424,10.9989738089713,10.95536725839,11.0027948622516,10.9641037113568,10.9669166349741,2018-12-10,10.75,10.9793619613009
10.789659278288,10.7707612227389,10.7605354077172,10.7465181657359,10.7667682200449,10.8018190672152,10.7979759150476,10.7642265029075,10.7832518019077,10.7605035752659,2018-12-11,10.95,10.7742019156869
10.8537313370423,10.8501230664035,10.8268737720208,10.8557797831135,10.8516418364187,10.8338965190078,10.8348820946755,10.8328231181059,10.8451994389016,10.8276331040277,2018-12-12,10.82,10.8412584069717
10.9090967855595,10.9119015956692,10.8847523247325,10.8852398026732,10.9063021518043,10.9399671508252,10.9325539917741,10.9107886106751,10.9084550796973,10.9008983168866,2018-12-13,11.21,10.9089955810297
11.029601228622,11.0393846947542,10.9983485108957,11.0262984455887,11.0046078310933,10.9811127057299,11.0198161685429,11.013246769868,11.0101108151479,11.0093473030238,2018-12-14,10.82,11.0131874473266
10.7452271233532,10.7205382109426,10.7209580830949,10.7245276911586,10.724355480405,10.7675918797827,10.7430784615679,10.7456666748371,10.7318740849899,10.7246867313532,2018-12-17,10.45,10.7348504421485
10.295101665636,10.2408813776031,10.2742670129294,10.3104502590945,10.3021105215996,10.3046714896001,10.240040812101,10.2623218036899,10.2890145240353,10.2472695868404,2018-12-18,9.79,10.2766129053129
9.92045615120908,9.8766169879397,9.90648833111156,9.92894059717496,9.97430878910889,10.0118267020832,9.90746720584914,9.90413796658355,9.94382220059361,9.88525387565786,2018-12-19,10.02,9.92593188073115
9.9027401791796,9.90322757152945,9.86737556244154,9.90202344579943,9.92570472034871,9.88618619242301,9.89385738232824,9.84904743656956,9.90829143295807,9.85504156542503,2018-12-20,9.72,9.88934954890026
9.71407773134078,9.70546100390056,9.67735518961183,9.67243899358618,9.69585475237276,9.72042697623941,9.74103899444286,9.66648716466936,9.7168306863413,9.67942728177119,2018-12-21,9.57,9.69893987742762
9.55449949538701,9.5233189582479,9.52881555628751,9.56576961764075,9.5558971405132,9.54821889298815,9.53189379027827,9.49735785603011,9.55222748635795,9.51946004237463,2018-12-24,9.29,9.53774588361055
9.54502272252502,9.53779793297992,9.5382400001389,9.57996478712419,9.600412774629,9.63597434502744,9.55884030487481,9.55147162015752,9.56897653704515,9.55258103907036,2018-12-26,9.9,9.56692820635723
9.8017128800301,9.8353167042369,9.77072624400135,9.82188054851209,9.81583974600582,9.77670618309149,9.79763562436266,9.78455385973858,9.79157326161657,9.79911677568176,2018-12-27,9.62,9.79950618272773
9.66215163730973,9.66248931452294,9.63735751419429,9.6424409134946,9.63806599172496,9.68106701585927,9.67731617446496,9.65669950068666,9.65138179504621,9.67068475530468,2018-12-28,9.53,9.65796546126083
9.62662180325344,9.60689020028215,9.61996600861305,9.66881932424425,9.64482566613261,9.64755252888627,9.58701377558767,9.6120062857684,9.61524994943763,9.6302216943746,2018-12-31,9.66,9.62591672365801
