Date,Sim_Close
2011-12-15,169.7258097413791
2011-12-16,169.3995967539992
2011-12-19,169.97308007965881
2011-12-20,170.00769014936833
2011-12-21,170.0094052434327
2011-12-22,172.01748322769262
2011-12-23,172.15184971008833
2011-12-27,170.58377622856048
2011-12-28,170.25903508780308
2011-12-29,169.6742407236831
2011-12-30,170.1138734426589
2012-01-03,170.49565003512774
2012-01-04,170.60595861536535
2012-01-05,170.68877787449952
2012-01-06,170.41644142059786
2012-01-09,172.51073718476155
2012-01-10,172.65987737605326
2012-01-11,170.2499367880977
2012-01-12,170.4804791487232
2012-01-13,169.86312945944965
2012-01-17,169.3859999770549
2012-01-18,169.07443007946497
2012-01-19,168.61402830014205
2012-01-20,167.6893588249927
2012-01-23,167.389343117853
2012-01-24,165.3153111449621
2012-01-25,165.6004259627599
2012-01-27,165.73447370416372
2012-01-30,165.22921892935895
2012-01-31,166.68379683464286
2012-02-01,166.80438252323356
2012-02-02,166.40029674364285
2012-02-03,166.70834700806085
2012-02-06,167.71210719310054
2012-02-07,167.9907396257555
2012-02-08,168.7671079306756
2012-02-09,168.93867499209065
2012-02-10,168.81438093939857
2012-02-13,168.64199587390263
2012-02-14,168.13543067268776
2012-02-15,167.80754788111955
2012-02-16,167.50804714749603
2012-02-17,166.95188860686872
2012-02-21,169.50463576527497
2012-02-22,169.93782056459693
2012-02-23,168.5400902647529
2012-02-24,168.3289363306333
2012-02-27,167.71894990628542
2012-02-28,167.98093595361996
2012-02-29,167.83089307385376
2012-03-01,167.88222047945166
2012-03-02,167.79796437303324
2012-03-05,167.73081619011668
2012-03-06,169.32313893093405
2012-03-07,169.18283053667034
2012-03-08,170.95259526198578
2012-03-09,170.2830941402937
2012-03-12,170.93463063985698
2012-03-13,170.93417233739484
2012-03-14,171.1433022198876
2012-03-15,171.24515801299154
2012-03-16,170.59236986926038
2012-03-19,170.4090869157926
2012-03-20,169.13679645606413
2012-03-21,168.6580799654739
2012-03-22,168.97231433515898
2012-03-23,169.10159824661076
2012-03-26,169.11520331868735
2012-03-27,169.43411030583925
2012-03-28,171.84421192859182
2012-03-29,171.5977994621692
2012-03-30,168.77679681140026
2012-04-02,169.12909222118515
2012-04-03,168.2280513060863
2012-04-04,167.90284785949933
2012-04-05,169.08353350313536
2012-04-09,168.91962430031498
2012-04-10,167.4047630456095
2012-04-11,167.4272844375092
2012-04-12,167.21061480258234
2012-04-13,167.16292047694228
2012-04-16,167.5752569582939
2012-04-17,167.37699294557692
2012-04-18,168.10024480379954
2012-04-19,167.962050179072
2012-04-20,168.31018853577083
2012-04-23,168.6989241410306
2012-04-24,169.17114193003115
2012-04-25,168.99076929581867
2012-04-26,170.31933843795997
2012-04-27,170.6667399803448
2012-04-30,171.27481633175452
2012-05-01,171.32030902579908
2012-05-02,170.51682173455185
2012-05-03,171.01108271396384
2012-05-04,170.24077120938728
2012-05-07,171.06570440659394
2012-05-08,172.85483715801615
2012-05-09,172.71055701437598
2012-05-10,171.4288519340078
2012-05-11,171.09468930852807
2012-05-14,171.35294975951595
2012-05-15,171.20427300813097
2012-05-16,170.73722188885372
2012-05-17,170.3065744619477
2012-05-18,170.202541192177
2012-05-21,169.83857940439418
2012-05-22,167.7870490804884
2012-05-23,167.5849584723733
2012-05-24,168.63775440324622
2012-05-25,168.35761561820286
2012-05-29,169.0371728048729
2012-05-30,168.3400197215572
2012-05-31,168.2233453629278
2012-06-01,168.38110824450516
2012-06-04,168.6924922791052
2012-06-05,168.6847627567648
2012-06-06,167.86591554679833
2012-06-07,167.47603380838493
2012-06-08,166.19707925965903
2012-06-11,166.19413789849906
2012-06-12,165.0071683614773
2012-06-13,164.76094538399704
2012-06-14,164.40363475335917
2012-06-15,165.09117955545204
2012-06-18,164.25883967341747
2012-06-19,164.30299430233143
2012-06-20,164.34654732180786
2012-06-21,163.91180466815584
2012-06-22,163.77623496480751
2012-06-25,164.30405530817683
2012-06-26,164.7958601718719
2012-06-27,164.76235334066908
2012-06-28,164.20535714186155
2012-06-29,163.33405825324533
2012-07-02,164.64166290934233
2012-07-03,164.0074068809724
2012-07-05,164.8453438940252
2012-07-06,165.5589853217122
2012-07-09,163.77631352854604
2012-07-10,164.0070272626959
2012-07-11,163.64239027541296
2012-07-12,162.96353261175477
2012-07-13,161.09593142721667
2012-07-16,160.40531695778682
2012-07-17,159.71822913118245
2012-07-18,159.0835268971841
2012-07-19,159.85902702475508
2012-07-20,160.6490706009654
2012-07-23,159.05463402972316
2012-07-24,159.3197295687132
2012-07-25,160.19258025791433
2012-07-26,160.27546128949436
2012-07-27,159.01540935956197
2012-07-30,158.91762831690968
2012-07-31,158.53115391470538
2012-08-01,158.7063497279936
2012-08-02,158.20942322066898
2012-08-03,158.55021257534324
2012-08-06,158.05071554602281
2012-08-07,158.42180013225453
2012-08-08,157.11278772425527
2012-08-09,156.55872562635201
2012-08-10,160.39797354828292
2012-08-13,160.18123051301873
2012-08-14,160.4891036228676
2012-08-16,160.69373149248113
2012-08-17,160.06319474163064
2012-08-20,160.2199395593561
2012-08-21,160.6126969922182
2012-08-22,160.4765447891615
2012-08-23,160.5048964293919
2012-08-24,160.4412695278965
2012-08-27,162.94541180671595
2012-08-28,162.5988773682068
2012-08-29,161.23368184771718
2012-08-30,161.19879720738564
2012-08-31,161.5213741067174
2012-09-04,161.64598349828148
2012-09-05,161.04594509902813
2012-09-06,160.57061464543966
2012-09-07,162.03643685674706
2012-09-10,161.84657670156562
2012-09-11,160.75796126638159
2012-09-12,160.61344943880513
2012-09-13,160.32683836558687
2012-09-14,160.72080648147235
2012-09-17,160.77249123210896
2012-09-18,161.0241127461828
2012-09-19,160.37496232557606
2012-09-20,160.4107404494087
2012-09-21,159.97111735561973
2012-09-24,159.95895076688913
2012-09-25,158.8345147373161
2012-09-26,158.2601941239849
2012-09-27,160.60685018568245
2012-09-28,160.79713371515143
2012-10-01,159.24560808120148
2012-10-03,158.95114171452934
2012-10-04,157.47856561301256
2012-10-05,158.30808975256602
2012-10-09,159.83298532428626
2012-10-10,159.67692730160772
2012-10-11,160.27876017268622
2012-10-12,160.0630241935187
2012-10-15,159.44152791997996
2012-10-16,159.0760867848399
2012-10-17,158.31254606388848
2012-10-18,158.92290905082316
2012-10-19,158.80807530072062
2012-10-22,158.80577339529165
2012-10-23,159.04819831081056
2012-10-24,159.4911886622047
2012-10-25,158.82191206507096
2012-10-26,158.37490920491416
2012-10-31,160.33574552379795
2012-11-01,160.10928023703588
2012-11-02,159.19160107310802
2012-11-05,158.6470918255547
2012-11-06,157.05543295877334
2012-11-07,156.77584356705412
2012-11-08,157.467426547654
2012-11-09,157.86136580322585
2012-11-13,158.6604718278286
2012-11-14,158.46500890899048
2012-11-15,158.486708833852
2012-11-16,158.15487024837998
2012-11-19,157.24420845449114
2012-11-20,157.54806865408193
2012-11-21,156.27935755975767
2012-11-23,157.01147514595465
2012-11-26,156.85309163319565
2012-11-27,156.8889071638473
2012-11-28,155.95267391815983
2012-11-29,155.6729184422545
2012-11-30,154.04249908348822
2012-12-03,153.91932892813915
2012-12-04,154.3721078140485
2012-12-05,154.45182955171305
2012-12-06,153.46398576724735
2012-12-07,153.09853697890574
2012-12-10,152.44589851689432
2012-12-11,152.99432278483286
2012-12-12,151.57955844003396
2012-12-13,151.4579378022819
2012-12-14,153.69077198829658
2012-12-17,153.60038203416508
2012-12-18,151.91857318957938
2012-12-19,151.60266541546977
2012-12-20,152.13521739015562
2012-12-21,151.9349762414877
2012-12-24,151.210724605228
2012-12-26,151.02315771157657
2012-12-27,151.08175368814366
2012-12-28,151.671157196602
2012-12-31,151.5148790620353
2013-01-02,151.89719886049593
2013-01-03,152.6041037992766
2013-01-04,152.50864784107418
2013-01-07,150.61916543760543
2013-01-08,150.36071851058443
2013-01-09,149.72287396681827
2013-01-10,149.69173573992288
2013-01-11,151.20197415312307
2013-01-14,152.0692057426555
2013-01-15,153.876303013436
2013-01-16,153.77304262770446
2013-01-17,151.61520975303526
2013-01-18,151.4096978074066
2013-01-22,151.46674647509454
2013-01-23,151.7547516767215
2013-01-24,152.85978523890265
2013-01-25,153.08350901066922
2013-01-28,151.35917979090988
2013-01-29,151.6490370091632
2013-01-30,151.0631683494505
2013-01-31,151.08308942951504
2013-02-01,151.1225508421235
2013-02-04,151.24381754811174
2013-02-05,151.22342752750308
2013-02-06,150.5064374884688
2013-02-07,151.34023264619697
2013-02-08,151.44464327353683
2013-02-11,151.07586132320296
2013-02-12,151.07311912762162
2013-02-13,151.18396550206378
2013-02-14,151.2223732894882
2013-02-15,153.14138868866115
2013-02-19,153.00376853708778
2013-02-20,153.15544699774938
2013-02-21,153.572800546977
2013-02-22,154.7878177750293
2013-02-25,155.19592301918144
2013-02-26,154.45296141791
2013-02-27,155.2039545100271
2013-02-28,155.2339955551433
2013-03-01,155.9307362930261
2013-03-04,154.2596530697892
2013-03-05,154.21804650433094
2013-03-06,155.66794398949398
2013-03-07,155.33184711460484
2013-03-08,154.37862035274358
2013-03-11,153.9532048713008
2013-03-12,152.64018893609435
2013-03-13,152.41532512282217
2013-03-14,152.76274013037295
2013-03-15,151.90705593120467
2013-03-18,152.1114324512514
2013-03-19,152.55610246981806
2013-03-20,154.95119129170655
2013-03-21,155.4216616885868
2013-03-22,156.27979140514196
2013-03-25,155.5390992454962
2013-03-26,154.76729119588808
2013-03-27,154.57647261325502
2013-03-28,155.37070129656328
2013-04-01,155.2784327629618
2013-04-02,153.71805440928958
2013-04-03,154.34182869252726
2013-04-04,155.3854982426824
2013-04-05,155.4304703516788
2013-04-08,156.84220068406978
2013-04-09,156.25669096917576
2013-04-10,156.99967532652354
2013-04-11,156.74051037599818
2013-04-12,157.511005002219
2013-04-15,157.436676220355
2013-05-01,158.14622907599272
2013-05-02,158.6304361220165
2013-05-03,158.58918423039677
2013-05-06,158.9462076851776
2013-05-07,157.47008684300005
2013-05-08,157.13144506682562
2013-05-09,158.90450632049146
2013-05-10,159.005461509701
2013-05-13,156.49279412518052
2013-05-14,155.8971791443476
2013-05-15,155.60624192564063
2013-05-16,155.90255368737445
2013-05-17,155.73029378051618
2013-05-20,155.92996876932443
2013-05-21,157.03077522266983
2013-05-22,157.649197154215
2013-05-23,157.66641723414497
2013-05-24,157.5956244716726
2013-05-28,155.44173964070185
2013-05-29,155.431470678337
2013-05-30,154.69525060886232
2013-05-31,154.2556467757407
2013-06-03,153.98975929848365
2013-06-04,154.3457365675811
2013-06-05,151.90443838115482
2013-06-06,151.68352666627263
2013-06-07,151.7734914065719
2013-06-10,151.3662083785499
2013-06-11,151.71689190954896
2013-06-12,151.83146387779527
2013-06-13,151.74182048666407
2013-06-14,150.70546120916006
2013-06-17,153.74121098420002
2013-06-18,153.60909128121273
2013-06-19,154.34052321911796
2013-06-20,154.40002981553258
2013-06-21,155.5796376973146
2013-06-24,155.85670147586424
2013-06-25,155.55494967039002
2013-07-01,155.65621677927342
2013-07-02,154.47172618192474
2013-07-03,154.7644953862845
2013-07-05,154.16124937962326
2013-07-08,155.07795872113851
2013-07-09,153.0467000463127
2013-07-10,152.8111051491263
2013-07-11,153.75156098443742
2013-07-12,153.90561400318887
2013-07-15,153.14823675697085
2013-07-16,152.69952446008787
2013-07-17,152.82289530574067
2013-07-18,152.76717234047393
2013-07-19,150.56883485575705
2013-07-22,150.5326552826106
2013-07-23,150.71093166144155
2013-07-24,150.73082222023427
2013-07-25,149.41480176911108
2013-07-26,149.55525508043212
2013-07-29,151.1595392447832
2013-07-30,151.29203380605514
2013-08-01,149.8793276416059
2013-08-02,149.65506945372917
2013-08-05,150.0203937971935
2013-08-06,149.71157554466615
2013-08-07,147.07239994264785
2013-08-08,147.37610027065912
2013-08-09,146.33072713670973
2013-08-12,146.0513030284024
2013-08-13,147.8059837592078
2013-08-14,147.44632578736568
2013-08-16,148.4112036355928
2013-08-19,147.85693048406532
2013-08-20,147.38147960037654
2013-08-21,147.30205719272195
2013-08-22,145.84967548341274
2013-08-23,145.54577617744914
2013-08-26,145.4611663139352
2013-08-27,145.67944470142876
2013-08-28,143.6487888493186
2013-08-29,143.45888715363412
2013-08-30,144.3165748798887
2013-09-03,144.05105121589767
2013-09-04,144.2738015219052
2013-09-05,144.42069294993095
2013-09-06,144.69209496832897
2013-09-09,144.90339804011754
2013-09-10,144.7061476469447
2013-09-11,144.49067704150784
2013-09-12,141.26889829907304
2013-09-13,141.18172189168126
2013-09-16,141.64806352731324
2013-09-17,141.81222306366053
2013-09-18,141.09588904208462
2013-09-19,141.75769020599466
2013-09-20,142.05139950954927
2013-09-23,142.0519258529328
2013-09-24,143.52864598829504
2013-09-25,143.19125949976734
2013-09-26,142.60085315105766
2013-09-27,143.5098341430776
2013-09-30,143.47318916774265
2013-10-01,144.07661653630598
2013-10-03,142.30040856240853
2013-10-04,142.17420184159138
2013-10-07,142.5783105259556
2013-10-08,142.6483259440379
2013-10-09,141.3915624326249
2013-10-10,141.34926614247505
2013-10-11,140.00636135874066
2013-10-14,140.2414426888384
2013-10-15,141.49317279667116
2013-10-16,140.5531777180762
2013-10-17,141.98600987283635
2013-10-18,141.43959207411297
2013-10-21,141.93531519689213
2013-10-22,142.14927625214915
2013-10-23,141.85940845842745
2013-10-24,141.55136287568354
2013-10-25,141.69974810117398
2013-10-28,141.82527558145978
2013-10-29,142.83523896539822
2013-10-30,141.96430417183745
2013-11-01,139.95064905016662
2013-11-04,140.47280998664186
2013-11-05,141.67876460317575
2013-11-06,141.80288018273882
2013-11-07,142.6110942712721
2013-11-08,142.92796423832849
2013-11-11,139.68485688016966
2013-11-12,140.0789677188252
2013-11-13,139.44698260295038
2013-11-14,139.4892293352029
2013-11-15,139.0850399741426
2013-11-18,139.38382595577409
2013-11-19,138.91565901702737
2013-11-20,139.07306052338265
2013-11-21,138.5542385490159
2013-11-22,138.06712366537528
2013-11-25,139.46913627790357
2013-11-26,139.7154962824133
2013-11-27,141.73461096940105
2013-11-29,141.71067254243277
2013-12-02,143.0106758374266
2013-12-03,143.7508434590342
2013-12-04,143.36306492098745
2013-12-05,142.78388447588537
2013-12-06,142.44666259531962
2013-12-09,142.31104609932547
2013-12-10,142.44306270473663
2013-12-11,143.07798469566438
2013-12-12,142.63661202465795
2013-12-13,142.73581388697994
2014-01-02,142.41259300910528
2014-01-03,142.37077329251528
2014-01-06,142.6976424887228
2014-01-07,143.1789283671376
2014-01-08,143.27451042012655
2014-01-09,143.50964734813897
2014-01-10,144.39427938387922
2014-01-13,144.7101886922215
2014-01-14,143.97091522960022
2014-01-15,144.5716677152781
2014-01-16,144.06451962812528
2014-01-17,143.97220596106536
2014-01-21,145.6070662823224
2014-01-22,146.0746998447806
2014-01-23,144.71670959788713
2014-01-24,144.31748119772013
2014-01-27,142.63778632647538
2014-01-28,142.66052520352335
2014-01-29,142.8083342450255
2014-01-30,142.9039801199675
2014-02-03,143.51656937702978
2014-02-04,143.22581223863577
2014-02-05,141.98337392931734
2014-02-06,142.34408795174727
2014-02-07,143.1953615148749
2014-02-10,142.5416948999434
2014-02-11,142.37751795892424
2014-02-12,141.96913882982165
2014-02-13,139.4342375451713
2014-02-14,139.44428559764657
2014-02-18,139.29923154653625
2014-02-19,139.210283839531
2014-02-20,139.4196668896925
2014-02-21,139.7226529554511
2014-02-24,139.9193699608312
2014-02-25,139.62279562368178
2014-02-26,138.69103652137622
2014-02-27,138.58831540415977
2014-03-03,138.9103357880545
2014-03-04,138.4444636469737
2014-03-05,138.17329300436282
2014-03-06,138.51019990843
2014-03-07,138.3302637989486
2014-03-10,138.00089553191086
2014-03-11,137.6197613298002
2014-03-12,138.015620747945
2014-03-13,138.62567350140196
2014-03-14,139.07034382143462
2014-03-17,139.18726125002874
2014-03-18,139.30137128862492
2014-03-19,138.58122299380713
2014-03-20,138.77337126137925
2014-03-21,138.11577101075218
2014-03-24,137.4975448088739
2014-03-25,137.60113636769486
2014-03-26,138.32947685478743
2014-03-27,139.24057406227507
2014-03-28,139.6566754182536
2014-03-31,140.03730228596538
2014-04-01,139.7438794146389
2014-04-02,139.45119038850655
2014-04-03,139.29189114578176
2014-04-04,138.67945141004327
2014-04-07,138.91111832361514
2014-04-08,137.42428212077667
2014-04-09,137.7208285736218
2014-04-10,138.70781155709284
2014-04-11,138.17836261346534
2014-04-14,138.89575301094598
2014-04-15,139.8178436718838
2014-04-16,139.09918509355387
2014-04-17,139.38714679011707
2014-04-21,138.3985045753738
2014-04-22,138.79278914265493
2014-04-23,139.0425788065668
2014-04-25,139.65334496321606
2014-04-28,137.85258008897176
2014-04-29,137.78206093452164
2014-05-01,137.0997507231709
2014-05-02,136.9708447755404
2014-05-05,136.16535028431719
2014-05-06,135.78181285210317
2014-05-07,136.42627970164293
2014-05-08,135.94124741601215
2014-05-09,137.6720845338797
2014-05-12,137.1476018997542
2014-05-13,137.21889688142852
2014-05-14,137.3820925961591
2014-05-15,138.03617500307027
2014-05-16,137.86547633752372
2014-05-19,137.9108787319178
2014-05-20,138.24538439264165
2014-05-21,136.44762529214995
2014-05-22,136.08492940753712
2014-05-23,136.41941218471706
2014-05-27,136.19149939338226
2014-05-28,137.78550418614745
2014-05-29,138.0048057314894
2014-05-30,138.0414058343871
2014-06-02,137.38830290737243
2014-06-03,137.3696231777639
2014-06-04,137.19305683048512
2014-06-05,137.02024101426042
2014-06-06,136.49761732343813
2014-06-09,137.04600697603405
2014-06-10,136.58042439991124
2014-06-11,136.2589580221803
2014-06-12,136.3615283539609
2014-06-13,135.37130940714522
2014-06-16,135.55450596941725
2014-06-17,133.9246934874352
2014-06-18,132.750783615851
2014-06-19,133.25874520479402
2014-06-20,133.5449611355784
2014-06-23,133.15194662726876
2014-06-24,133.3035971291054
2014-06-25,131.86649729900498
2014-06-26,131.76563785627474
2014-06-27,129.38581580502597
2014-06-30,129.8082881616014
2014-07-01,131.9901811954532
2014-07-02,132.36978609956597
2014-07-03,132.2869697398695
2014-07-07,132.22363760295912
2014-07-08,130.35435645517782
2014-07-09,130.6205105927331
2014-07-10,130.31762957590297
2014-07-11,130.00493240575855
2014-07-14,128.26050145456855
2014-07-15,128.09059645591006
2014-07-16,127.02172309389002
2014-07-17,126.81291088575887
2014-07-18,125.30179090044257
2014-07-21,125.92682669362082
2014-07-22,125.85762366097129
2014-07-23,126.23760169188023
2014-07-24,123.06556208757104
2014-07-25,122.83428295557312
2014-07-28,121.97370420566261
2014-07-29,121.43453373391627
2014-07-30,123.24046471898518
2014-07-31,122.62435195107737
2014-08-01,122.95642026356701
2014-08-04,123.24499477779888
2014-08-05,123.40882300390052
2014-08-06,123.00872081290231
2014-08-07,124.0881197809713
2014-08-08,124.10635501370766
2014-08-11,122.78015752604918
2014-08-12,122.17493790700837
2014-08-13,124.62899882840014
2014-08-14,124.30759757023276
2014-08-18,122.03091158553113
2014-08-19,122.19421533063257
2014-08-20,122.51649163790566
2014-08-21,121.92495790361662
2014-08-22,119.54341020731826
2014-08-25,119.44688920045483
2014-08-26,120.76416475050613
2014-08-27,120.96861436457901
2014-08-28,120.32708945558463
2014-08-29,119.94341416295086
2014-09-02,120.21869427105153
2014-09-03,120.231635609938
2014-09-04,120.93728970596928
2014-09-05,120.72897052585371
2014-09-08,121.75819538969742
2014-09-09,121.37587077876293
2014-09-10,120.92921713861897
2014-09-11,121.17554294810935
2014-09-12,122.31350887846187
2014-09-15,121.48810699788051
2014-09-16,121.5667354862999
2014-09-17,121.76024709099374
2014-09-18,119.96925791480501
2014-09-19,120.11150815475509
2014-09-22,119.06769903027892
2014-09-23,119.4258002351447
2014-09-24,120.02197867366786
2014-09-25,120.27959959166611
2014-09-26,120.37446278681055
2014-09-29,120.66992216047365
2014-09-30,122.27653959445111
2014-10-01,123.01303880063335
2014-10-03,122.92896473493448
2014-10-06,121.97934429880151
2014-10-07,121.9671755043143
2014-10-08,121.99939998769429
2014-10-09,121.762985571121
2014-10-10,121.94030101943186
2014-10-13,123.10311457684897
2014-10-14,122.84592160478182
2014-10-16,122.4430072121945
2014-10-17,122.55214409571462
2014-10-20,121.84187560592768
2014-10-21,121.82838255932296
2014-10-22,119.42433344066059
2014-10-23,118.92637355210155
2014-10-24,117.28306698137659
2014-10-27,116.89161750268572
2014-10-28,116.00965206916891
2014-10-29,116.11257412618744
2014-10-30,117.24110972921463
2014-10-31,116.9001563175796
2014-11-03,115.65394953872601
2014-11-04,115.1872739951302
2014-11-05,114.63976752349377
2014-11-06,114.49415589623277
2014-11-07,115.02449693683869
2014-11-10,114.84596699997134
2014-11-11,112.3017798773393
2014-11-12,112.21520616711923
2014-11-13,113.58983033990113
2014-11-14,114.01647084730524
2014-11-17,113.01971498557178
2014-11-18,112.35060436811673
2014-11-19,115.25027695835506
2014-11-20,115.13530818136331
2014-11-21,114.96836668123656
2014-11-24,115.08659635671583
2014-11-25,113.09974900877287
2014-11-26,112.75846136429635
2014-11-28,110.85993047794835
2014-12-01,110.53269263234411
2014-12-02,110.6253119519496
2014-12-03,110.02942816875482
2014-12-04,110.68740738399559
2014-12-05,110.75314499552255
2014-12-08,109.61808696477776
2014-12-09,109.6586169417302
2014-12-10,110.5063143367228
2014-12-11,110.88075243802749
2014-12-12,110.57533450365167
2014-12-15,110.48787978608725
2014-12-16,110.33382282410895
2014-12-17,110.86040752653096
2014-12-18,112.16049379726454
2014-12-19,112.44425442436737
2014-12-22,112.04944546455853
2014-12-23,112.14874203822511
2014-12-24,112.58269043568993
2014-12-26,112.11602111797419
2014-12-29,109.99205569958932
2014-12-30,110.19878771064995
2014-12-31,108.31361507323346
2015-01-02,108.26428854862714
2015-01-05,108.51458593424512
2015-01-06,108.6901328903675
2015-01-07,108.86744437538525
2015-01-08,108.52430285286641
2015-01-09,109.65794188474096
2015-01-12,110.30339539150344
2015-01-13,111.310809962214
2015-01-14,110.4833496016844
2015-01-15,112.11284102416795
2015-01-16,112.04041864569342
2015-01-20,112.62031578087657
2015-01-21,112.819129075225
2015-01-22,112.65310578737694
2015-01-23,112.57300050831748
2015-01-27,113.74598899151454
2015-01-28,113.98062976050903
2015-01-29,115.11894445576212
2015-01-30,116.02211513385424
2015-02-02,116.76941417028716
2015-02-03,116.80236663324128
2015-02-04,114.09960690055053
2015-02-05,115.12629250184898
2015-02-06,114.49708031569341
2015-02-09,115.39697420173158
2015-02-10,115.79654648333755
2015-02-11,116.36191856289625
2015-02-12,116.18026617748478
2015-02-13,116.33485447936403
2015-02-17,116.54160405493475
2015-02-18,116.41715577518535
2015-02-19,116.22268318563835
2015-02-20,116.57781691997606
2015-02-23,116.28606714361025
2015-02-24,115.42099414583394
2015-02-25,115.13592704723814
2015-02-26,115.30184328945265
2015-02-27,115.99159014907438
2015-03-02,116.18821727606534
2015-03-03,114.10769545102247
2015-03-04,114.20519227422693
2015-03-05,115.3166233261634
2015-03-06,115.77725479875048
2015-03-09,115.45730127349754
2015-03-10,115.27854423902443
2015-03-11,117.01394963727806
2015-03-12,116.29677841896633
2015-03-13,115.72258244667059
2015-03-16,115.85556727841356
2015-03-17,113.86423875995611
2015-03-18,113.9260899049288
2015-03-19,116.12952673019142
2015-03-20,116.0779024688169
2015-03-23,115.69375763886059
2015-03-24,115.83372232447422
2015-03-25,115.44883571952944
2015-03-26,115.72419586916106
2015-03-27,116.7595184265007
2015-03-30,116.71059509099274
2015-03-31,115.2485645016931
2015-04-01,114.67127621070944
2015-04-02,113.90967937192305
2015-04-06,114.178631572143
2015-04-07,111.77878536255469
2015-04-08,110.97425529906168
2015-04-09,110.13971950934955
2015-04-10,110.24747744854177
2015-04-13,109.10119819074379
2015-04-14,109.40589780558221
2015-04-15,109.75594176976844
2015-04-16,109.63768592247298
2015-04-17,110.57027968631111
2015-04-20,110.67562575143887
2015-04-21,110.09050371878428
2015-04-22,110.13294969255156
2015-04-23,110.85996572212466
2015-04-24,111.00247906006948
2015-04-27,110.2128668105301
2015-04-28,110.55494769255577
2015-04-29,111.93847116322613
2015-04-30,112.04898098584346
2015-05-01,112.22190658079808
2015-05-04,112.19165654848614
2015-05-05,114.78535556404948
2015-05-06,114.8958817769038
2015-05-07,114.70592894246387
2015-05-08,113.70276182158497
2015-05-11,111.82442370354833
2015-05-12,111.79335442330411
2015-05-13,112.04090727711582
2015-05-14,112.15165626066047
2015-05-15,113.13746439719881
2015-05-18,113.05980343347062
2015-05-19,114.5173099868497
2015-05-20,114.14870356970187
2015-05-21,112.69857230517019
2015-05-22,112.20697783414866
2015-05-26,113.09773426317248
2015-05-27,113.0645662862368
2015-05-28,114.0123477924214
2015-05-29,113.90526522379855
2015-06-01,113.19499470114319
2015-06-02,113.04765367109258
2015-06-03,110.8245134820025
2015-06-04,110.35666737783686
2015-06-05,108.62622580220672
2015-06-08,109.04795471099686
2015-06-09,108.3311586013615
2015-06-10,108.64694254247757
2015-06-11,110.46673126450793
2015-06-12,110.39002134086394
2015-06-15,110.73067602848677
2015-06-16,110.03024902072833
2015-06-17,109.04784528770458
2015-06-18,109.0703312274577
2015-06-19,109.42923551146109
2015-06-22,109.12547626454153
2015-06-23,112.3473070636137
2015-06-24,112.16395100797675
2015-06-25,112.24104327593278
2015-06-26,112.50096002279419
2015-06-29,112.4697376610654
2015-06-30,112.21231070625456
2015-07-01,113.46667750301052
2015-07-02,114.1128956322934
2015-07-06,114.0772628670336
2015-07-07,114.30216980519482
2015-07-08,114.18527480699167
2015-07-09,114.59185689407254
2015-07-10,113.2044560209607
2015-07-13,114.13280011055849
2015-07-14,113.4085626132125
2015-07-15,112.82502284743725
2015-07-16,112.40392145480557
2015-07-17,112.46260484846357
2015-07-20,114.41095029767985
2015-07-21,114.77543416838837
2015-07-22,114.94638428684333
2015-07-23,114.39059087724806
2015-07-24,113.35134558364152
2015-07-27,113.2860316107498
2015-07-28,116.34966294690251
2015-07-29,115.60557191721514
2015-07-30,116.96283749943038
2015-07-31,116.7519437965368
2015-08-03,118.75113287652171
2015-08-04,118.29545262053234
2015-08-05,118.46780050212764
2015-08-06,118.02798012544655
2015-08-07,119.11219983708055
2015-08-10,119.70571163257578
2015-08-11,122.04657684025717
2015-08-12,122.36561710329298
2015-08-13,124.57753660878636
2015-08-14,125.07610617225102
2015-08-17,124.9178562780622
2015-08-18,125.10867117337608
2015-08-19,123.94227811960496
2015-08-20,123.86819725184456
2015-08-21,125.33335370186315
2015-08-24,125.5498673592561
2015-08-25,126.09869615720649
2015-08-26,125.6834437413316
2015-08-27,124.95802786493067
2015-08-28,124.65218545942923
2015-08-31,125.12654050344544
2015-09-01,124.73033745125882
2015-09-02,125.40478711937767
2015-09-03,124.95822055460425
2015-09-04,127.15245710436669
2015-09-08,127.33669364415793
2015-09-09,126.49548930945402
2015-09-10,126.5919076824545
2015-09-11,126.16896384338095
2015-09-14,126.31742302728482
2015-09-15,126.60966228979719
2015-09-16,126.20401662073259
2015-09-17,125.25443996614922
2015-09-18,125.37427744004505
2015-09-21,127.34113973054693
2015-09-22,127.7749865340153
2015-09-23,127.02550556567358
2015-09-24,127.35587472633257
2015-09-25,127.29759270302503
2015-09-28,127.41811816371239
2015-09-29,127.73055195259626
2015-09-30,128.76073185808562
2015-10-01,127.33838528538095
2015-10-05,127.3787532289861
2015-10-06,125.24278048342495
2015-10-07,125.47871485260846
2015-10-08,126.79464501867415
2015-10-09,127.3729099151146
2015-10-12,125.06273561291006
2015-10-13,125.22784341178767
2015-10-14,127.13988735344806
2015-10-15,126.97428100823113
2015-10-16,126.71970036973279
2015-10-19,126.7050854808509
2015-10-20,127.14310798257054
2015-10-21,127.40917193286893
2015-10-22,128.9905569933227
2015-10-23,128.95236195714472
2015-10-26,129.18789561171167
2015-10-27,130.18309476260026
2015-10-28,130.70041347633824
2015-10-29,130.77591472007018
2015-10-30,129.16522296973005
2015-11-02,129.16636538877893
2015-11-03,128.90077400497867
2015-11-04,128.89635567305493
2015-11-05,128.20585450352954
2015-11-06,127.93112824255245
2015-11-09,127.0661998843683
2015-11-10,126.9803980782084
2015-11-11,128.62215725584275
2015-11-12,129.04179190646647
2015-11-13,128.6098217649348
2015-11-16,127.9354551831193
2015-11-17,126.92195506887616
2015-11-18,126.73885085557995
2015-11-19,126.86321646065393
2015-11-20,126.5981735503736
2015-11-23,129.00619037937187
2015-11-24,128.89728336560452
2015-11-25,127.44055000131712
2015-11-27,127.38404529840412
2015-11-30,126.17759220049201
2015-12-01,126.24005448340215
2015-12-02,126.52041482030998
2015-12-03,126.66264986496134
2015-12-04,124.71641995401228
2015-12-07,124.80470447040054
2015-12-08,125.17724456705052
2015-12-09,124.60880118804873
2015-12-10,125.75523995572522
2015-12-11,126.06890830736295
2015-12-14,128.8284515407483
2015-12-15,128.8911327356986
2015-12-16,128.94721296872018
2015-12-17,128.98584730235316
2015-12-18,129.0695667794335
2015-12-21,128.33017766929845
2015-12-22,126.32482519892775
2015-12-23,126.29380961221128
2015-12-24,125.59652875553148
2015-12-28,125.61842336555445
2015-12-29,123.08497331764181
2015-12-30,122.48549401583111
2015-12-31,121.16371388910461
2016-01-04,121.5581371775287
2016-01-05,120.23994916902058
2016-01-06,119.92014358758996
2016-01-07,120.01599216999882
2016-01-08,119.88689362526878
2016-01-11,120.06259423967033
2016-01-12,120.98461903248861
2016-01-13,119.63509462697873
2016-01-14,119.51290677101481
2016-01-15,118.89279543132233
2016-01-19,119.49775360205531
2016-01-20,118.57437169458697
2016-01-21,118.54153693307669
2016-01-22,119.48609727026394
2016-01-25,119.06266105588458
2016-01-27,121.04887203477499
2016-01-28,121.31917700096469
2016-01-29,120.03012906952826
2016-02-01,120.21196019315136
2016-02-02,119.95599162127168
2016-02-03,120.08128313006941
2016-02-04,119.97331289365061
2016-02-05,120.40151930836196
2016-02-08,118.78019884551794
2016-02-09,118.57115216663958
2016-02-10,118.2721233533331
2016-02-11,117.87380386339257
2016-02-12,116.62585781087314
2016-02-16,116.61866571464247
2016-02-17,116.4600555552144
2016-02-18,115.44031844531422
2016-02-19,116.68900659217746
2016-02-22,116.78889688657155
2016-02-23,119.68834573434954
2016-02-24,119.96242502956999
2016-02-25,119.42607385881558
2016-02-26,120.54503031759883
2016-02-29,123.94370154629743
2016-03-01,123.45621681978136
2016-03-02,124.01905516692787
2016-03-03,123.93455639947501
2016-03-04,124.15901777533983
2016-03-07,124.25003486676735
2016-03-08,122.73575431132448
2016-03-09,122.84999014342152
2016-03-10,124.94908697919168
2016-03-11,124.88345097753775
2016-03-14,124.68793892469961
2016-03-15,125.24736772723459
2016-03-16,126.32544321605413
2016-03-17,125.66604528870161
2016-03-18,125.94031365661624
2016-03-21,126.60173255048733
2016-03-22,128.3000641703903
2016-03-23,128.468044811916
2016-03-24,129.33350978045146
2016-03-28,128.85473569557598
2016-03-29,129.21489357583366
2016-03-30,128.8331140017585
2016-03-31,128.28349232004217
2016-04-01,128.65773379355403
2016-04-04,127.29346205952466
2016-04-05,127.40022935987388
2016-04-06,127.91422780723973
2016-04-07,127.93619259517558
2016-04-08,130.12281918137808
2016-04-11,129.71388024994798
2016-04-12,130.44123656367069
2016-04-13,130.40566433669042
2016-04-14,130.09266564408972
2016-04-15,130.27830213763067
2016-04-18,129.05382142880995
2016-04-19,128.5284410622026
2016-04-20,127.93506401162249
2016-04-21,128.63576687152465
2016-04-22,128.7026846010597
2016-04-25,128.83525836035085
2016-04-26,128.6074423951378
2016-04-27,128.79563948791932
2016-04-28,127.65362403629875
2016-04-29,128.1167882229262
2016-05-02,128.81843453521583
2016-05-03,128.49585340613916
2016-05-04,128.56131730111355
2016-05-05,128.8478499489132
2016-05-06,129.5171271273787
2016-05-09,130.10990073372946
2016-05-10,129.37431542785563
2016-05-11,129.8207700740518
2016-05-12,131.06462768598126
2016-05-13,130.9996344332201
2016-05-16,129.82852240183385
2016-05-17,129.39286432548005
2016-05-18,129.94220867501403
2016-05-19,129.91375798152566
2016-05-20,132.0486811817474
2016-05-23,132.26273636594587
2016-05-24,131.8164025157497
2016-05-25,131.40618561635085
2016-05-26,130.70730360682455
2016-05-27,130.84445896398347
2016-05-31,130.30333738751548
2016-06-01,130.50902943560777
2016-06-02,130.10782377300404
2016-06-03,130.06559980948623
2016-06-06,129.18898820211683
2016-06-07,129.95100563608034
2016-06-08,130.3501517138448
2016-06-09,130.4424051700446
2016-06-10,128.4121702721837
2016-06-13,128.67608703200344
2016-06-14,127.44773872534778
2016-06-15,127.09113009560606
2016-06-16,128.19313950083205
2016-06-17,128.01205924222876
2016-06-20,125.91401250622492
2016-06-21,126.62197415018068
2016-06-22,123.76908583970965
2016-06-23,123.99821045165348
2016-06-24,125.21890955055501
2016-06-27,124.96652240389079
2016-06-28,125.49966686558466
2016-06-29,125.67531902094008
2016-06-30,126.9240668044375
2016-07-01,127.11770655961851
2016-07-05,126.82384602470748
2016-07-06,127.19024284788357
2016-07-07,128.15098967569529
2016-07-08,127.77636206204096
2016-07-11,126.09541714124609
2016-07-12,126.15952815724336
2016-07-13,125.83077330751314
2016-07-14,125.43655766248823
2016-07-15,125.53727447790627
2016-07-18,125.0092758673115
2016-07-19,125.20274748890294
2016-07-20,124.95277613388618
2016-07-21,126.10137326291715
2016-07-22,127.07116891938176
2016-07-25,125.97199382695761
2016-07-26,126.3950594953348
2016-07-27,127.38523916865674
2016-07-28,127.3571614789346
2016-07-29,126.81278583006618
2016-08-01,127.44290891280117
2016-08-02,125.03635953091768
2016-08-03,124.77908161428022
2016-08-04,123.05486948189088
2016-08-05,123.61299485746932
2016-08-08,123.38415073829549
2016-08-09,123.17428225850762
2016-08-10,126.99513562738721
2016-08-11,126.97512072023216
2016-08-12,126.44262154599232
2016-08-16,126.56256764604679
2016-08-17,124.68045810114083
2016-08-18,124.87657915820965
2016-08-19,124.76118331691369
2016-08-22,124.94859336592575
2016-08-23,123.76974860280032
2016-08-24,123.36055506594114
2016-08-25,122.52845747000973
2016-08-26,122.22126164077261
2016-08-29,123.78012160079292
2016-08-30,124.41177982551615
2016-08-31,124.22350948186927
2016-09-01,124.07993485763541
2016-09-02,123.6850882611294
2016-09-06,123.7127828522706
2016-09-07,123.82906793271187
2016-09-08,123.9450816878181
2016-09-09,123.04906695856259
2016-09-12,122.71030840303446
2016-09-13,124.14680159952977
2016-09-14,123.92735065508843
2016-09-15,124.29100548935898
2016-09-16,124.26821727583764
2016-09-19,123.11879800525685
2016-09-20,123.35522276902145
2016-09-21,123.562948617213
2016-09-22,124.122861959698
2016-09-23,124.26381346125038
2016-09-26,124.13119515797004
2016-09-27,124.46514905393647
2016-09-28,123.99091239432234
2016-09-29,122.98783953025003
2016-09-30,123.1919488307058
2016-10-03,122.79220374923706
2016-10-04,122.76581937069608
2016-10-05,122.62755331938973
2016-10-06,122.36734827187992
2016-10-07,119.94492188098101
2016-10-10,120.08445586905165
2016-10-11,120.99842327822789
2016-10-12,120.48293678408784
2016-10-13,122.26182004623817
2016-10-14,122.41588197571306
2016-10-17,124.0258503297057
2016-10-18,123.64298214120879
2016-10-19,123.8431196872339
2016-10-20,123.80311410365837
2016-10-21,124.7253230219165
2016-10-24,124.49497919475142
2016-10-25,124.48286198840847
2016-10-26,123.77139832891089
2016-10-27,122.8382525974663
2016-10-28,122.88826615093234
2016-11-01,122.04068036006646
2016-11-02,122.02325256574187
2016-11-03,121.46174139703162
2016-11-04,121.70451345149621
2016-11-07,123.10669942199569
2016-11-08,122.77769885687268
2016-11-09,122.409254986559
2016-11-10,122.98515948990689
2016-11-14,120.34645158488645
2016-11-15,120.21851646819016
2016-11-16,122.69616160916216
2016-11-17,123.57359763678787
2016-11-18,123.76151202480804
2016-11-21,123.4160684445626
2016-11-22,123.61461734795111
2016-11-23,123.3535075895723
2016-11-25,125.0968883283221
2016-11-28,124.77429526604087
2016-11-29,125.22178918029137
2016-11-30,125.46972921011884
2016-12-01,124.56071701728382
2016-12-02,124.9013268898863
2016-12-05,124.00381092478673
2016-12-06,124.25590685664832
2016-12-07,125.57190081637259
2016-12-08,125.1765236474193
2016-12-09,126.50611769659483
2016-12-12,126.31030454810985
2016-12-13,126.66352861423422
2016-12-14,126.74426360314973
2016-12-15,126.23162793954388
2016-12-16,126.338869087543
2016-12-19,124.8623519770344
2016-12-20,124.80789722816041
2016-12-21,125.79884622615862
2016-12-22,124.92919636646688
2016-12-23,123.14368494163698
2016-12-27,122.6789099185982
2016-12-28,120.77200228562367
2016-12-29,120.93983550134222
2016-12-30,119.748321481635
2017-01-03,118.88250264750342
2017-01-04,118.11742012940688
2017-01-05,117.96116602881696
2017-01-06,118.98930859735069
2017-01-09,118.54780774295116
2017-01-10,119.9413548498376
2017-01-11,120.10069993608903
2017-01-12,120.5355225252517
2017-01-13,120.1945122571259
2017-01-17,122.53891371300354
2017-01-18,122.47320538016467
2017-01-19,120.28332827915067
2017-01-20,120.20178569059367
2017-01-23,117.88045280571521
2017-01-24,117.75624875940053
2017-01-25,117.249576355573
2017-01-27,117.52230823173437
2017-01-30,118.73370365461935
2017-01-31,118.44326166865889
2017-02-01,119.41059231070892
2017-02-02,119.98032155457642
2017-02-03,119.03934874876525
2017-02-06,118.77838700216552
2017-02-07,119.55932103794994
2017-02-08,119.63254022592751
2017-02-09,120.29107017846064
2017-02-10,120.85294389627967
2017-02-13,121.31744363977135
2017-02-14,121.7381241478415
2017-02-15,122.48561070264613
2017-02-16,122.65905885856968
2017-02-17,123.12236018439097
2017-02-21,123.6388895061742
2017-02-22,122.43617765772142
2017-02-23,121.99410456605841
2017-02-24,122.70443977013507
2017-02-27,122.65656390448183
2017-02-28,122.74537015850377
2017-03-01,123.04188110937234
2017-03-02,123.94583516679123
2017-03-03,123.84076696544652
2017-03-06,123.46571432264999
2017-03-07,123.49515376625314
2017-03-08,124.77077511340683
2017-03-09,124.94118330807844
2017-03-10,126.66079232106627
2017-03-13,126.65773757289828
2017-03-14,128.00853869916318
2017-03-15,128.3617396235701
2017-03-16,129.09623977665018
2017-03-17,129.26212005936156
2017-03-20,128.92626118279054
2017-03-21,128.88264617912284
2017-03-22,129.157920773973
2017-03-23,129.1774763302447
2017-03-24,130.30934569230817
2017-03-27,130.2656188430336
2017-03-28,130.1811665371282
2017-03-29,129.98743890210196
2017-03-30,129.82143530784995
2017-03-31,129.79392905092843
2017-04-03,127.01744612224911
2017-04-04,126.47151344336339
2017-04-05,126.38452915142103
2017-04-06,126.27841564147523
2017-04-07,124.83737244762632
2017-04-10,124.0407571772091
2017-04-11,123.615514113313
2017-04-12,123.87691241959071
2017-04-13,126.00479877790379
2017-04-17,125.98941606042006
2017-04-18,127.78123786917331
2017-04-19,127.8144467322277
2017-04-20,127.95308525733917
2017-04-21,128.08301538267867
2017-04-24,127.03832268836557
2017-04-25,127.0176354032076
2017-04-26,128.10777264175832
2017-04-27,127.80788232701744
2017-04-28,127.42195504315188
2017-05-01,126.96284674296818
2017-05-02,127.38806937870741
2017-05-03,127.55798929166302
2017-05-04,128.3360061131319
2017-05-05,127.84808210052515
2017-05-08,127.97676414223088
2017-05-09,127.59914106557093
2017-05-10,127.59867948711171
2017-05-11,128.13572905511413
2017-05-12,127.531498710793
2017-05-15,127.81817203916853
2017-05-16,126.9185697382681
2017-05-17,126.72715845408798
2017-05-18,127.25362455479191
2017-05-19,126.98197964660878
2017-05-22,124.93842184443425
2017-05-23,125.44448921851958
2017-05-24,125.8769179039754
2017-05-25,125.64346212775136
2017-05-26,123.25056758295464
2017-05-30,124.01145149151436
2017-05-31,128.07989647704022
2017-06-01,128.16288863998238
2017-06-02,129.18265661699581
2017-06-05,129.6724807418255
2017-06-06,128.83031542157914
2017-06-07,128.68983692975655
2017-06-08,126.6172916857823
2017-06-09,126.32266039287356
2017-06-12,127.0695521323369
2017-06-13,126.95326573664055
2017-06-14,126.69621189562085
2017-06-15,126.65118807501985
2017-06-16,124.41478769602512
2017-06-19,124.74983966971779
2017-06-20,123.01764820299528
2017-06-21,122.93422013802902
2017-06-22,122.40794398355843
2017-06-23,122.32050645681595
2017-06-26,124.0724655904989
2017-06-27,123.83964162333274
2017-06-28,122.89992450847846
2017-06-29,122.29206291050093
2017-06-30,121.32522521256743
2017-07-03,120.85875132962033
2017-07-05,121.34828676511829
2017-07-06,121.00308506671514
2017-07-07,121.3679355087489
2017-07-10,121.30936451360974
2017-07-11,119.58908989771678
2017-07-12,119.2728467834277
2017-07-13,120.3349817294969
2017-07-14,120.69621216387873
2017-07-17,123.10290009303948
2017-07-18,123.10146796967958
2017-07-19,121.306475792901
2017-07-20,120.99910898209494
2017-07-21,121.48929518790311
2017-07-24,122.24934972186101
2017-07-25,122.38136066998868
2017-07-26,122.83751540004006
2017-07-27,123.75921296567077
2017-07-28,123.29197631682383
2017-07-31,123.08664113410602
2017-08-01,123.60874574864508
2017-08-02,124.66006108016018
2017-08-03,124.8455795367873
2017-08-04,125.41811663123956
2017-08-07,125.22155451115579
2017-08-08,123.63829213514275
2017-08-09,124.15646245147528
2017-08-10,122.45219906147496
2017-08-11,122.07664069359262
2017-08-14,122.83139868461643
2017-08-16,122.3265208648606
2017-08-17,121.66427636893324
2017-08-18,121.19115656622026
2017-08-21,121.93595283549499
2017-08-22,122.11447804215024
2017-08-23,122.62073967407866
2017-08-24,122.79772558293692
2017-08-25,123.46642047859164
2017-08-28,123.72216307537985
2017-08-29,121.35976920737077
2017-08-30,121.30024266282683
2017-08-31,121.43519923788911
2017-09-01,121.72506971894822
2017-09-05,120.30008642774187
2017-09-06,120.10024635181551
2017-09-07,118.81187476291412
2017-09-08,119.23477084799799
2017-09-11,120.7696579478492
2017-09-12,121.08472863799288
2017-09-13,119.6178445789005
2017-09-14,119.79862542559516
2017-09-15,121.17916444925226
2017-09-18,121.24634084154684
2017-09-19,120.56700964207168
2017-09-20,120.13256234582714
2017-09-21,119.33419899115495
2017-09-22,119.62013833353468
2017-09-25,119.10214501307638
2017-09-26,119.19319098905241
2017-09-27,120.74712594385677
2017-09-28,120.97845992004456
2017-09-29,122.6160672578128
2017-10-03,121.93543533674864
2017-10-04,121.59862380109209
2017-10-05,121.62465100888897
2017-10-06,122.31895815881919
2017-10-09,121.8512755102076
2017-10-10,122.81869733674435
2017-10-11,122.94165336720927
2017-10-12,123.25822058353494
2017-10-13,123.46161450017695
2017-10-16,123.32198437232456
2017-10-17,123.6922028117242
2017-10-18,124.470078540202
2017-10-19,124.40999479053491
2017-10-20,125.65844721374376
2017-10-23,125.77547068772223
2017-10-24,126.57797236704958
2017-10-25,126.3403013103999
2017-10-26,128.236819514783
2017-10-27,128.235223937043
2017-10-30,129.2526352597152
2017-10-31,129.2125886493581
2017-11-01,128.8770327609814
2017-11-02,129.1908080590934
2017-11-03,127.28926808558397
2017-11-06,127.48061454470158
2017-11-07,127.95289419229536
2017-11-08,126.87476244464555
2017-11-09,127.31681523888547
2017-11-10,126.44944813994667
2017-11-13,127.24121339221793
2017-11-14,127.05964789886545
2017-11-15,126.22572370858357
2017-11-16,126.2229851873145
2017-11-17,127.8706476412953
2017-11-20,127.61651841040815
2017-11-21,128.28624236314667
2017-11-22,128.4227055105154
2017-11-24,127.00728315554557
2017-11-27,126.31087434861197
2017-11-28,123.919771423125
2017-11-29,124.14028110771216
2017-11-30,124.0985906338746
2017-12-01,124.83881931531884
2017-12-04,125.5272294452345
2017-12-05,125.86710780166754
2017-12-06,127.46836810406948
2017-12-07,127.2680804648835
2017-12-08,127.88019797875768
2017-12-11,128.22771528685536
2017-12-12,129.87093731245898
2017-12-13,130.17599777098954
2017-12-14,130.68137437863433
2017-12-15,130.33408475972584
2017-12-18,131.20955719287508
2017-12-19,131.40966354184238
2017-12-20,132.17076384629067
2017-12-21,132.34022186451958
2017-12-22,132.09801621086757
2017-12-26,132.06726985149396
2017-12-27,132.8921067874318
2017-12-28,132.96075939020162
2017-12-29,131.96462910100922
2018-01-02,131.84856545308696
2018-01-03,130.26561458407514
2018-01-04,129.87880182300756
2018-01-05,129.70526853884496
2018-01-08,128.986015516295
2018-01-09,126.9597645467851
2018-01-10,127.40079062655953
2018-01-11,126.70884791750579
2018-01-12,125.9681712256852
2018-01-16,125.83273533837043
2018-01-17,126.36116304525903
2018-01-18,127.1558682015806
2018-01-19,127.33242148092206
2018-01-22,128.75291657565788
2018-01-23,128.4443159992175
2018-01-24,129.31994302883996
2018-01-25,129.0851087825284
2018-01-29,129.08602580616343
2018-01-30,129.9718119338995
2018-01-31,131.1351332087506
2018-02-01,131.4423362942375
2018-02-02,130.1123428000557
2018-02-05,129.7978484320578
2018-02-06,132.53878820837173
2018-02-07,132.1014679027824
2018-02-08,132.3588431531245
2018-02-09,132.7158715769793
2018-02-12,133.93838114379002
2018-02-13,134.3740259481577
2018-02-14,134.17827116029545
2018-02-15,133.84987648144747
2018-02-16,133.4811678018611
2018-02-20,133.1203285984453
2018-02-21,133.8728110901833
2018-02-22,134.32095310155373
2018-02-23,136.87360936454596
2018-02-26,137.02005511771864
2018-02-27,135.97031746508623
2018-02-28,136.38010741028353
2018-03-01,137.4658180827179
2018-03-02,137.37051860435676
2018-03-05,135.50109271971
2018-03-06,135.80561667786756
2018-03-07,137.1605899526375
2018-03-08,137.04254682035514
2018-03-09,137.68603820238476
2018-03-12,137.57568201248455
2018-03-13,138.39446030664956
2018-03-14,138.34754402076362
2018-03-15,137.93393298405957
2018-03-16,137.97858118333843
2018-03-19,137.6384948053597
2018-03-20,137.40208793957797
2018-03-21,137.0229636220871
2018-03-22,137.01970276115688
2018-03-23,137.26869693001905
2018-03-26,137.8816663786694
2018-03-27,136.2520689815252
2018-03-28,136.17222136130403
2018-03-29,136.930049114641
2018-04-02,137.63485747601817
2018-04-03,138.14607471115676
2018-04-04,138.1405733445666
2018-04-05,137.77150505305096
2018-04-06,137.93722831869428
2018-04-09,139.12409782292994
2018-04-10,139.05055449871153
2018-04-11,139.2470681869274
2018-04-12,139.33384272458517
2018-04-13,140.20897588563673
2018-04-16,140.65352804844662
2018-04-17,140.9885210287742
2018-04-18,140.9580527601553
2018-04-19,142.6316485188056
2018-04-20,142.69746216584784
2018-04-23,144.5908845404
2018-04-24,144.56611547735218
2018-04-25,145.3028230343846
2018-04-26,144.68438759668652
2018-04-27,144.54951724308162
2018-04-30,144.54079942709726
2018-05-01,143.6307849261974
2018-05-02,143.2164277724285
2018-05-03,144.35421893549068
2018-05-04,144.71988242906176
2018-05-07,143.161404035246
2018-05-08,143.33115555321973
2018-05-09,141.99610116927363
2018-05-10,141.57567187880102
2018-05-11,142.20616681672064
2018-05-14,141.93175721668342
2018-05-15,143.12393319523008
2018-05-16,143.1393426348602
2018-05-17,143.78272140580307
2018-05-18,143.57327072664862
2018-05-21,142.1918051247163
2018-05-22,142.5577060211174
2018-05-23,142.84339181099267
2018-05-24,142.7477647072108
2018-05-25,142.83084709906566
2018-05-29,143.36121043610535
2018-05-30,142.52341047456127
2018-05-31,142.223647096776
2018-06-01,141.48010903352719
2018-06-04,140.84611252624325
2018-06-05,141.82966629124772
2018-06-06,141.90661414994543
2018-06-07,142.15522051900695
2018-06-08,142.13788157726785
2018-06-11,141.52568904755893
2018-06-12,141.19632160204844
2018-06-13,142.21854928599964
2018-06-14,141.64807541683157
2018-06-15,142.1764341471901
2018-06-18,141.859389486887
2018-06-19,142.19816174434158
2018-06-20,141.9018855354655
2018-06-21,141.27387551624466
2018-06-22,141.98162188305548
2018-06-25,142.7835610257757
2018-06-26,141.9256022160654
2018-06-27,142.07729711538582
2018-06-28,141.89657194088292
2018-06-29,140.53262051554972
2018-07-02,140.6165348717222
2018-07-03,140.77249349094544
2018-07-05,140.6410908619182
2018-07-06,143.00833514272313
2018-07-09,142.1088591159965
2018-07-10,143.1147223807307
2018-07-11,142.99911307254567
2018-07-12,143.78692916524093
2018-07-13,143.60533008498547
2018-07-16,142.89269261005134
2018-07-17,142.20854074349347
2018-07-18,141.9572026295662
2018-07-19,142.94870095010904
2018-07-20,144.1363435998643
2018-07-23,144.80657246219502
2018-07-24,145.90453084417186
2018-07-25,146.3622359273566
2018-07-26,147.44568762475552
2018-07-27,147.63584459746158
2018-07-30,146.93681006866515
2018-07-31,146.72363617373577
2018-08-01,144.80262817808543
2018-08-02,144.80030109253343
2018-08-03,145.8795279035615
2018-08-06,146.2922969261719
2018-08-07,146.4064561715184
2018-08-08,146.18740512462966
2018-08-09,150.13602605661188
2018-08-10,150.43070026911207
2018-08-13,152.13539063496702
2018-08-14,152.0003183787001
2018-08-16,151.9547692262346
2018-08-17,152.13421206531729
2018-08-20,154.14603883965523
2018-08-21,154.02144902147276
2018-08-22,155.04578782161246
2018-08-23,154.20786196788436
2018-08-24,153.59915664698642
2018-08-27,153.08235301628108
2018-08-28,154.41838827710959
2018-08-29,154.35260704179748
2018-08-30,153.8841581433894
2018-08-31,154.43179808186883
2018-09-04,155.77132551175686
2018-09-05,155.41211703036987
2018-09-06,155.92555681550144
2018-09-07,155.43417898809653
2018-09-10,154.86344095904312
2018-09-11,155.5100720139019
2018-09-12,157.25022555549845
2018-09-13,157.69383305768517
2018-09-14,157.0087483940888
2018-09-17,156.25617580597856
2018-09-18,154.84533798514957
2018-09-19,155.22636059500059
2018-09-20,154.87767913160246
2018-09-21,154.01263587337527
2018-09-24,153.79641088811553
2018-09-25,154.36050657656537
2018-09-26,155.1326689451888
2018-09-27,154.80416552777703
2018-09-28,152.949065545299
2018-10-01,152.6184466550443
2018-10-03,152.6598798606301
2018-10-04,153.01510934099494
2018-10-05,150.68718115524663
2018-10-08,151.09646185735627
2018-10-09,151.10301112926192
2018-10-10,151.33092271710424
2018-10-11,149.3470160412224
2018-10-12,149.08035428917353
2018-10-15,148.5424732620549
2018-10-16,148.9600298013785
2018-10-17,150.19383865825301
2018-10-18,150.36787484195233
2018-10-19,152.292929459901
2018-10-22,152.08676498000284
2018-10-23,153.30180961253157
2018-10-24,153.28743360061526
2018-10-25,152.48662308520358
2018-10-26,152.85597510053591
2018-10-29,154.5132954975553
2018-10-30,154.86459566402925
2018-10-31,154.25331151752255
2018-11-01,154.0653964638605
2018-11-02,155.7186074800277
2018-11-05,155.8597380425948
2018-11-06,156.85522681778014
2018-11-07,156.71974602431442
2018-11-08,158.232987948072
2018-11-09,157.90948589008713
2018-11-12,158.65990771512708
2018-11-13,158.33303772889985
2018-11-14,155.3779477089969
2018-11-15,154.84076470472505
2018-11-16,155.00431894377724
2018-11-19,155.35748804362757
2018-11-20,153.2559255439138
2018-11-21,152.75535575634598
2018-11-23,154.87281095223656
2018-11-26,154.69925121230727
2018-11-27,155.306091370624
2018-11-28,155.09531724207307
2018-11-29,154.73701777989126
2018-11-30,154.77191546253334
2018-12-03,154.78506967389217
2018-12-04,154.70804558947532
2018-12-06,154.14428980730284
2018-12-07,152.92514545138334
2018-12-10,155.1675320517838
2018-12-11,155.88370173508102
2018-12-12,154.56240364501792
2018-12-13,154.49516063617395
2018-12-14,156.14549100182893
2018-12-17,156.5448070110498
2018-12-18,158.07672895354474
2018-12-19,157.64803018628083
2018-12-20,160.7407519017184
2018-12-21,160.28736791781026
2018-12-24,161.1920675280702
2018-12-26,161.24857792024847
2018-12-27,160.76412553869403
2018-12-28,160.61235921942165
2018-12-31,159.42268304438443
